	ENSMUSG00000026154	ENSMUSG00000101372	ENSMUSG00000026087	ENSMUSG00000041763	ENSMUSG00000025982	ENSMUSG00000087213	ENSMUSG00000033364	ENSMUSG00000073616	ENSMUSG00000026365	ENSMUSG00000033488	ENSMUSG00000102433	ENSMUSG00000034612	ENSMUSG00000071072	ENSMUSG00000009079	ENSMUSG00000020176	ENSMUSG00000018572	ENSMUSG00000040483	ENSMUSG00000009185	ENSMUSG00000020863	ENSMUSG00000004040	ENSMUSG00000097487	ENSMUSG00000075420	ENSMUSG00000025135	ENSMUSG00000035597	ENSMUSG00000010608	ENSMUSG00000002020	ENSMUSG00000066363	ENSMUSG00000021196	ENSMUSG00000018102	ENSMUSG00000006717	ENSMUSG00000057762	ENSMUSG00000021643	ENSMUSG00000032745	ENSMUSG00000021807	ENSMUSG00000049960	ENSMUSG00000021917	ENSMUSG00000021967	ENSMUSG00000021928	ENSMUSG00000039065	ENSMUSG00000054196	ENSMUSG00000022440	ENSMUSG00000068220	ENSMUSG00000022858	ENSMUSG00000071533	ENSMUSG00000022935	ENSMUSG00000039929	ENSMUSG00000096255	ENSMUSG00000023904	ENSMUSG00000071172	ENSMUSG00000052712	ENSMUSG00000024012	ENSMUSG00000024038	ENSMUSG00000049760	ENSMUSG00000002379	ENSMUSG00000024095	ENSMUSG00000024097	ENSMUSG00000057440	ENSMUSG00000005873	ENSMUSG00000024360	ENSMUSG00000024869	ENSMUSG00000024845	ENSMUSG00000036372	ENSMUSG00000024754	ENSMUSG00000045104	ENSMUSG00000041035	ENSMUSG00000051154	ENSMUSG00000044627	ENSMUSG00000039195	ENSMUSG00000027022	ENSMUSG00000085135	ENSMUSG00000032679	ENSMUSG00000081967	ENSMUSG00000016921	ENSMUSG00000016356	ENSMUSG00000027750	ENSMUSG00000036632	ENSMUSG00000036353	ENSMUSG00000027829	ENSMUSG00000028070	ENSMUSG00000028053	ENSMUSG00000028111	ENSMUSG00000034437	ENSMUSG00000028037	ENSMUSG00000028226	ENSMUSG00000058006	ENSMUSG00000028295	ENSMUSG00000081483	ENSMUSG00000086712	ENSMUSG00000028364	ENSMUSG00000084159	ENSMUSG00000028693	ENSMUSG00000028643	ENSMUSG00000028648	ENSMUSG00000043962	ENSMUSG00000028773	ENSMUSG00000028809	ENSMUSG00000019055	ENSMUSG00000029004	ENSMUSG00000038803	ENSMUSG00000070858	ENSMUSG00000051116	ENSMUSG00000029417	ENSMUSG00000004849	ENSMUSG00000048988	ENSMUSG00000029571	ENSMUSG00000029670	ENSMUSG00000044471	ENSMUSG00000073155	ENSMUSG00000029838	ENSMUSG00000004980	ENSMUSG00000014748	ENSMUSG00000082691	ENSMUSG00000041560	ENSMUSG00000003363	ENSMUSG00000006315	ENSMUSG00000051048	ENSMUSG00000063550	ENSMUSG00000030771	ENSMUSG00000054555	ENSMUSG00000000031	ENSMUSG00000036199	ENSMUSG00000035559	ENSMUSG00000031807	ENSMUSG00000031775	ENSMUSG00000014856	ENSMUSG00000031839	ENSMUSG00000015027	ENSMUSG00000032595	ENSMUSG00000032612	ENSMUSG00000006673	ENSMUSG00000049719	ENSMUSG00000045594	ENSMUSG00000031158	ENSMUSG00000000787	ENSMUSG00000031059	ENSMUSG00000001131	ENSMUSG00000019558	ENSMUSG00000031385	ENSMUSG00000002014	ENSMUSG00000031198	ENSMUSG00000025525	ENSMUSG00000025289	class
1	9.374706874694727	1.4445872381347502	22.069027368990664	18.2304420548826	112.09508840133999	1.5142823000000003	10.742225	43.46647	70.06121666666667	2.375915	1.26417175	0.2582013133333333	59.76533000000001	29.60141333333333	8.363447666666668	34.81090666666667	5.779588	87.52659333333332	16.972573333333333	89.92866666666669	1.0857012333333331	0.0	5.6679749999999975	34.117963333333336	23.07702	0.0	0.0	41.03164	78.85343333333333	27.88731333333333	2.1854896666666668	1.9099453333333336	90.11612666666667	39.81393333333335	23.33051	110.42683333333332	8.841898333333337	5.565008333333334	0.8503036	0.6804526966666667	0.7245298000000001	819.9930333333333	68.22307333333333	10.729073333333332	0.11347109	1.6430116666666663	1.5324353333333331	38.71548333333333	96.77599	6.7680593333333325	9.569349666666666	21.73774	46.33571000000001	20.510546666666674	9.061096333333333	391.4198999999999	18.470953333333334	35.089150000000004	213.2655333333333	0.4833260333333334	6.446980333333332	49.034333333333336	3.5608207000000007	0.0	3.7415849999999993	13.179529999999998	20.477736666666672	2.522594	0.0	0.0	0.5494198	2.0083607666666663	52.16592333333333	0.0	0.5018109666666667	14.66891	0.0	101.01871333333334	66.06609333333334	18.42496	175.39933333333332	32.69423666666667	0.476651625	0.0	4.542969333333333	4.911753666666667	4.435904333333333	0.0	0.31651393	34.28600333333333	33.212986666666666	25.71275	21.662736666666664	11.020475	1.108826	22.67109333333333	11.514850666666668	23.36048333333333	33.717040000000004	0.71893765	5.752015666666668	1.5598145299999997	10.367124333333333	0.0	9.039087	12.980733333333333	53.47114000000001	12.270658	2.5950037933333334	396.9730666666666	10.842372	30.119370000000004	32.21320666666667	23.828470000000006	30.94451666666667	0.4789276333333333	27.95452333333333	0.0	0.0	0.152156215	83.07384333333333	9.061040333333333	5.553653	0.0	14.95351	138.68633333333332	3.2830700000000004	0.0	8.131069333333334	19.655286666666665	0.0	14.161779999999998	6.33402	173.57523333333336	78.79395666666667	28.92158333333333	7.529733	0.0	36.53107	22.25782333333333	1.7873328666666666	64.79485	1
2	12.772967626225464	1.111497019247761	25.17300515949007	11.950132314500316	84.47663951065374	7.601778333333333	6.553053333333334	68.45147	58.38461999999999	3.7734766666666655	4.7732410000000005	1.1181463666666671	48.14204333333333	30.05351666666667	9.515206666666666	16.631120000000006	8.526882666666667	60.00323666666667	14.361966666666667	55.11372333333333	0.9751384333333332	2.9442580000000005	7.267151333333333	24.011039999999998	20.864160000000002	5.463844666666668	8.964952623333334	21.80181333333333	514.9271666666667	42.01106666666667	3.2926629999999997	14.081445000000002	61.33745666666667	64.47343666666667	47.95298666666668	183.24986666666663	18.483989666666666	11.978233666666668	1.4945726666666663	300.44086666666664	7.752584	2083.177	62.51714000000001	14.38957	0.0	2.2178256666666667	3.4212146666666663	63.56226666666666	110.91792	12.277263333333332	35.512859999999996	28.38890333333333	70.74562333333334	31.884183333333336	9.192343	458.1067666666667	10.521717	44.53372333333333	156.3016	1.2500120000000001	9.458842333333333	84.66967666666666	2.951507666666666	1.6676735	5.476588666666667	40.09028666666666	36.62282666666667	4.7380233333333335	0.0	0.0	0.0	2.2437419999999997	58.02590333333334	0.16139298666666665	458.4661966666667	22.68148333333333	0.0	110.52611666666668	105.55495666666668	13.046954666666664	304.8879333333333	26.472556666666673	0.7665595113333333	1.1103033333333334	1.6903478000000003	10.202181333333332	3.997989	1.22847375	23.510775666666664	34.74413666666667	45.85665	28.07468	35.48599	8.884744	2.6343623333333333	24.536796666666664	16.957653333333337	18.160239999999998	54.49610333333334	3.520573666666667	7.468951333333332	13.503276000000001	27.160840000000004	0.0	7.7540863333333325	5.06984	29.909353333333332	20.16815	96.13527333333332	395.55030000000005	12.783886666666668	50.27052	26.281796666666665	38.74796333333335	73.47287666666666	10.509861666666668	10.848511666666667	0.04543145	1.5974034666666668	8.19016893	132.78332333333333	19.710056666666667	8.243310666666668	0.193750065	36.998066666666666	170.10783333333333	3.9434006666666654	0.0	6.361143666666666	14.924561000000002	0.0	18.47005	8.972205666666666	133.4709333333333	91.84079333333334	456.556	7.771208333333334	0.36721396	61.96637000000001	26.70986333333333	2.8874026666666666	122.43183333333332	0
3	27.82423211941287	0.3715841390028256	43.72476810281943	12.110389549128001	55.605328054040356	4.581615666666667	2.2700288666666664	120.97071666666666	14.668507333333332	2.0877735	5.320926	3.897826666666667	35.52062333333333	16.54337333333333	11.94251	8.158704333333333	19.91423333333333	386.4727666666667	8.451579666666667	25.302066666666665	1.5712558	0.7078525	11.870380333333335	18.762803333333334	16.026176666666668	2.336904	2.3211942666666663	11.040717333333333	751.0532333333334	49.95802666666666	4.992696333333333	37.10239	59.9044	90.80907333333334	49.89536	308.1806	21.92557333333333	18.69745	1.9554916666666669	474.94066666666663	24.25812333333333	2084.2813333333334	45.63662666666667	8.495852333333334	0.9004459333333332	1.7877492666666666	7.606149999999999	101.91476	52.71317666666667	15.340623333333333	35.89569333333333	41.38907666666667	105.51119666666666	42.30247666666667	4.120768666666667	223.4962	6.964616333333333	54.64404	124.40643333333333	1.7811130000000002	12.532263333333333	121.62383	6.825864333333333	1.663745	9.134824	48.98178666666666	39.96544	10.712111666666667	0.0	0.9437970666666669	1.6512971999999997	2.7458145000000003	36.84473000000001	0.5730061333333333	1253.1180000000004	32.11333	0.15738464333333332	42.09313333333333	120.14298666666667	8.329150666666667	882.6814333333333	16.335863333333332	6.357056	3.2091353333333337	1.4432896000000002	10.365142333333333	3.2478433333333334	3.130106	36.265696666666656	23.73197333333333	25.03602	53.85819333333333	48.46349333333334	4.430485666666667	7.2921130000000005	15.856136666666664	23.95995666666667	10.578188666666668	90.97732666666668	7.230642666666667	11.840066666666665	59.67581000000001	17.396683333333332	0.06417335333333334	13.777199666666665	5.779069	7.166949000000002	36.82325	189.3113233333333	189.4213333333333	14.841893333333335	78.33878	22.774396666666664	71.70985666666667	123.36385	16.339526666666668	8.21084	0.21427115	6.6718090000000005	38.52281	200.95946666666669	20.787913333333336	11.682464	0.3408097333333333	44.36255	314.96043333333336	8.120945333333333	0.31058403	3.492479666666666	9.575088000000001	0.0	29.9761	14.33291	75.57879000000001	138.44506666666666	699.4540666666667	15.015670000000002	0.398137305	94.80225666666666	36.82958	7.121444333333334	114.34383333333336	1
4	5.6717514929127875	0.6999264994419804	16.8398614592205	28.94124127053277	83.43870792358258	0.73771665	4.002886666666666	88.45598333333334	25.18746333333333	2.218375	0.0	4.422747966666667	58.11673333333334	39.5826	0.033525715	22.044556666666665	4.0274540000000005	12.487880666666667	11.245946666666667	42.74247333333333	0.0	0.0	8.169188	32.223099999999995	21.245803333333328	0.0	0.0	52.50408	85.98073000000002	34.42522666666667	3.788795	2.1850183333333333	85.90325333333334	36.04158333333333	33.60096	139.4695	15.15225	4.901304666666667	0.5294649966666667	0.29402975	0.39816755	871.4826666666668	36.19605	10.363421666666666	0.0	0.4680038100000001	7.154073333333333	37.375373333333336	68.26764999999999	8.197559333333333	5.5854056666666665	31.222916666666666	73.15039666666667	48.14275333333333	5.718204333333333	174.9103	19.90954	49.36699333333333	167.67923333333331	1.1428908666666668	8.665906666666666	90.93097666666668	2.797307333333334	0.0	4.445433	14.350853333333333	21.83969	6.213702333333334	0.0	0.0	0.0	1.4358992666666668	57.37041333333333	0.0	0.18144064333333326	15.707336666666665	0.9973390333333332	35.6568	51.60655	12.811152666666667	8.032832333333333	28.70096	0.8729662499999999	0.0	1.1601772666666668	2.3503849999999997	4.044827333333333	0.0	0.027801995000000003	28.5952	46.02531333333334	11.353586	32.707836666666665	10.761079	1.11440545	24.006666666666664	6.5051533333333325	19.768526666666673	59.60469000000001	1.3659954	2.755945	0.5808996000000001	21.0573	0.0	5.519168666666666	11.790296666666668	22.67221333333333	21.064216666666667	0.03498291666666666	263.1955666666666	11.791303333333332	64.68909333333333	30.12574666666667	137.47673666666665	73.47869666666666	0.02846911	17.325106666666667	0.0	0.0	0.0	163.33956666666668	15.170863333333335	12.595806666666665	0.0	58.68251666666666	188.27303333333336	11.754026	0.0	13.063181	21.237933333333334	0.0	18.96866	11.873613	82.10443333333333	120.35711	25.359652	1.4423903333333332	0.0	64.01652	13.18243333333333	3.833947	50.19315333333333	1
5	11.260086497783613	0.33070452206446505	20.386268693436133	17.719509278862933	65.1207880821117	1.817169563333333	3.173988666666667	104.46016666666668	19.75309	2.7483445	0.0	1.7352906666666668	36.81637	20.134303333333328	1.435138536666667	11.264516666666665	4.584107333333333	2366.56612	11.973416666666667	50.36069666666666	0.3176945	0.0	9.872673	19.616356666666665	23.08473666666667	0.0	1.6993857666666672	25.96547	294.1973	38.01852	3.4003623333333337	4.210442400000002	55.30137	71.164	37.32676000000001	186.34350000000003	20.047696666666667	6.945608999999998	0.5147859333333332	139.94042126666668	3.3420846333333336	1293.8844666666666	41.55251000000001	10.460677333333336	0.0	0.7674579666666667	6.162205	42.33417	65.48250999999999	7.173104333333334	10.993089333333332	33.16582999999999	85.36001333333333	63.85133666666667	4.176920666666667	273.9884666666667	12.522876666666667	49.44898333333333	124.10236666666668	1.1295606000000002	9.518228333333337	91.37092666666666	4.439520666666667	0.8492812999999999	4.820031666666666	22.269746666666666	23.00288666666667	10.056326666666664	0.0	0.0	1.35070145	2.3206846666666667	62.75457333333333	0.0	108.53604233333334	13.32423666666667	2.9536680000000004	34.93267	48.96600666666666	9.040402	75.22377233333333	26.52329666666667	1.99812675	0.178712915	0.7219033666666667	6.782211666666666	3.014993333333333	0.0	4.810759609999999	24.65021333333333	42.41923	26.14113333333333	38.86108	8.420671	0.0	18.573986666666666	6.58351	14.132779999999999	64.52445666666667	3.9681620000000004	3.646623333333333	8.989991	14.250379	0.0	7.5229583333333325	7.639201	9.201572	29.39753666666667	4.573703166666667	223.27716666666663	12.673683333333335	65.91888333333334	23.441996666666668	98.33370333333336	66.06994999999999	3.3169500000000003	6.154878333333333	0.12028577	1.19502147	5.848767400000002	167.90433333333334	14.415357	10.118731	0.08991840666666667	58.97746	236.43606666666668	6.3560120000000015	0.09428658	8.733253666666666	11.731080666666665	0.0	12.502958	7.7226120000000025	73.30157666666666	104.41242666666666	110.76813	6.154348966666666	0.0	57.62087666666668	13.808850333333332	3.8373580000000014	44.13281	0
6	16.675179970566735	0.3649404238922604	26.00312108366123	14.5244259223268	51.36468796778917	3.390457333333333	3.711883666666667	163.12466666666668	18.470856666666666	4.480564	0.9662131	6.7239673333333325	33.522870000000005	21.79866	0.5690023333333333	11.562863333333333	7.857085666666666	1384.8428333333334	9.386506666666667	35.92482666666667	0.5329094333333333	0.7784791999999999	11.742248000000002	20.148456666666664	23.117716666666666	0.0	1.5437240333333335	26.641846666666666	565.3999	68.67738333333334	3.538612	4.482801666666666	49.03052	85.73425333333334	43.75926000000001	241.63123333333337	15.905870000000002	12.070813333333335	0.6909385666666666	8.314950666666666	2.156378	1630.8733333333332	36.50392	8.948536666666667	0.0	0.5324718	4.431652333333333	75.09543333333333	49.79939333333334	17.613133333333334	8.676312999999999	54.05380333333333	112.77602000000002	64.55551666666668	4.243832666666667	217.0833333333333	17.66171	57.22058666666667	131.70613333333333	1.9035263333333328	12.406836666666665	93.67199666666666	5.244297666666665	0.0	9.887305333333332	34.68888	27.904823333333336	12.032586	0.0	0.0	3.5313575000000004	2.742172	53.41802666666666	0.201206005	10.8480917	30.69132333333333	9.948584	34.17581	101.32526333333334	7.524994666666667	84.09862333333334	17.028673333333334	1.670942666666667	0.0	0.8107349666666667	5.875171666666668	2.491002	2.96912	0.25001845	20.574523333333328	38.97418333333333	40.498546666666655	64.76798666666666	6.944325666666668	6.984152333333332	19.110056666666665	15.012953333333336	8.547773000000001	81.89229333333333	2.017601	7.847777000000002	38.20432	32.85939333333334	0.0	7.816380666666667	3.2029366666666665	4.214949666666667	35.01459666666667	0.6642630666666666	181.48276666666663	18.841486666666672	43.87616	20.479513333333333	557.5223666666666	92.6423	0.0	8.565747666666667	0.6850685999999999	0.0	1.4898723333333332	214.94663333333332	32.83719666666667	18.12218	0.0	76.64744666666667	330.1423	21.76316666666667	0.0	6.911849	9.609566000000001	11.334476	42.11537666666667	11.850098333333335	69.65192333333333	114.62221999999998	126.51993333333333	15.450763333333333	0.06805304	83.56905333333333	21.667136666666664	8.342084666666667	48.84041	1
7	0.0	1.6248522915796333	20.09914104207437	27.617458096440163	120.53032772282366	0.0	9.708686333333334	28.5046	57.804869999999994	0.0	0.0	0.0	75.81897666666667	72.10852999999999	5.459769333333334	20.7437	0.8062595666666666	2.876041523333333	19.330206666666665	56.237973333333336	0.0	0.0	5.507492666666668	45.87307333333333	27.59633	0.0	0.0	39.904306666666656	43.82664000000001	16.048939	0.7800676666666666	0.9124605166666668	88.85848666666668	54.30286333333334	16.160892	94.09878666666668	10.203347	1.82246965	0.4545592749999999	0.13851614999999998	0.0	405.63196666666664	81.24313666666667	16.355583333333332	0.0	7.549039666666666	0.77736055	16.083346666666667	170.8783	5.281071666666667	5.992780333333332	9.738195666666668	63.63869666666667	21.769086666666666	15.923643333333333	702.8415999999999	61.3958	8.390697333333334	237.62526666666668	0.6499143000000001	5.1238676666666665	26.580626666666664	2.5211465	0.0	2.4911220000000003	14.049467000000002	31.65365	1.6915386366666667	0.0	0.0	7.777188333333334	2.728752666666667	129.58096666666665	0.0	0.62765156	11.020235	0.0	56.76450666666667	18.677386	13.682936666666668	0.149646625	73.59137	0.0	0.0	6.64055	7.762347333333333	6.493608666666668	0.0	8.304335333333334	53.40577333333334	27.743679999999998	24.56421666666667	19.240426666666664	13.73962	3.854309066666667	36.58161666666667	1.7301765333333332	14.332543333333335	19.664773333333333	0.0	1.7723111333333332	0.0	6.268518	0.0	2.247559666666666	9.266263333333336	15.337307999999998	11.014380666666668	0.059715675	700.1095333333333	11.73027633333333	7.423001666666668	47.69801333333334	11.439771666666667	48.15043666666666	0.0	32.585366666666665	0.0	0.0	0.0	48.78442666666666	4.229778666666667	2.9530385333333338	3.2690298	28.70137	123.68758333333334	0.0	0.0	23.587460000000004	38.90632666666667	0.0	0.19289714666666666	7.433035	162.6051	68.67926	16.389928166666667	2.6527404	0.0	31.54145	8.334764999999999	3.4083596666666667	23.27599333333333	1
8	6.2999481119939125	0.4863271268227341	31.424203447937646	16.755259308968167	74.6349896184642	2.3115994	4.201070666666666	71.77625666666667	24.830993333333332	2.984456	0.0	2.235192956	45.88098333333334	45.62326666666666	7.377702999999999	12.264329333333334	2.4443449886666664	26.818933000000005	20.186983333333334	30.872246666666666	0.27487974	0.0	6.3183560000000005	40.48433666666667	26.042403333333336	0.036715667	0.0	21.582384	297.75646666666665	22.25072	2.513946	13.573474	69.30658666666666	89.66199999999998	34.34571333333333	169.58446666666666	21.575788333333332	2.36402417	0.7967718333333332	3.4772685666666665	0.8498702666666667	1751.7686666666668	41.46653	13.633726666666664	0.0	4.3916650000000015	2.205849666666667	32.78480666666667	96.88372333333332	7.900680666666667	23.847164333333332	16.605673333333332	53.11650666666667	45.17949333333333	6.574898333333333	361.03086666666667	16.47832	12.465432	158.9844	1.0625595333333333	4.869229333333333	52.43303666666666	0.7734951999999999	0.6115936	7.583038333333333	37.778650000000006	31.59411	6.0047830000000015	0.0	0.0	0.12154775	3.425151	81.72951	0.0	27.662126666666666	20.62004	0.0	52.39887666666666	35.17895666666667	11.960306333333332	2.024145766666667	37.94520666666667	0.0	0.0	3.9190533333333337	8.731611000000001	3.9805456666666665	0.0	6.3618830000000015	32.67743	32.827729999999995	72.95552666666667	43.12823666666667	11.761158	2.8376665	26.95874333333333	3.7570376666666654	8.843036333333332	28.47616333333333	1.3247784333333332	3.9703653333333335	0.0	22.645129999999998	0.0	5.963925	5.716820333333334	3.2359993	14.40715	0.2876964533333334	399.9603	16.615416333333332	22.24372	25.71820333333333	30.837840000000003	89.57641333333332	0.0	16.977298666666666	0.0	1.0852529	2.363934	119.26573666666668	10.474025666666668	10.821153333333333	0.0	43.37718333333334	216.2869	0.04253331	0.0	11.190985666666668	23.183236666666666	0.0	7.201772599999999	7.014375	62.54904666666667	80.11187666666666	155.47773333333333	2.4639096666666664	0.0	29.31951666666667	25.36667666666667	8.749269666666665	53.69747333333334	0
9	16.657781440196594	0.348787174409841	30.086606063702703	17.023425468563968	59.6530998391943	4.181199666666667	5.6168026666666675	147.01477333333332	10.625572333333333	6.120501999999999	0.0	2.988965906666667	34.42127	38.09324	12.0902	10.022874333333334	3.883604333333334	157.84225233333333	13.063754	26.09319666666667	2.7827580000000003	9.72437845	8.661447333333333	27.77466	19.554510000000004	0.5652850666666667	1.943279	30.780573333333336	745.2202666666667	68.82118	3.5144776666666666	19.66118	53.61994333333333	89.15820000000002	37.29184333333333	209.8116	18.663556666666672	6.045368333333332	2.3429585	63.566729233333334	2.3059915	2394.107	28.61827666666667	11.497847333333333	0.3064288033333333	1.1696713	5.168449666666667	46.32756666666666	55.01527666666666	12.521188666666667	20.542213333333333	33.476040000000005	85.45835666666669	48.29833333333333	5.832216000000002	195.49263333333332	3.1773813333333334	30.079423	119.03486666666667	1.876828	10.817903333333335	77.71374	5.974750666666666	0.0	4.057106999999999	62.37301666666667	30.734576666666666	10.086424000000001	1.1573756000000002	0.0	11.251232333333334	3.897692333333333	43.81827666666667	1.3805183	359.10353333333336	25.180643333333336	2.787866866666667	27.186020000000006	85.57008333333333	10.526299333333334	99.74266666666666	16.601683333333334	0.0	0.030000755	2.5710900000000003	6.878090666666666	2.5383526666666665	0.0	13.847872	23.72252333333333	26.38182	147.53423333333333	56.54405333333333	9.516325666666663	4.025069333333334	26.840836666666664	10.199788	9.454420333333333	36.40797	2.954145666666667	8.525557666666666	6.280580333333334	27.192826666666665	0.0	12.238854666666667	6.136561666666666	0.6041723999999999	33.62927666666666	57.57057333333334	325.4336333333333	14.447421	50.13039000000001	22.76441333333333	58.70513999999999	116.05223666666666	3.78133485	11.815149	0.88937695	0.7624263333333333	12.900236666666665	140.06936666666667	10.602830666666668	15.468823333333335	3.458632	44.51368666666667	278.22343333333333	3.599100333333334	0.026276795	9.241930333333334	18.691926666666664	0.0	24.47456	10.172173666666666	47.14906666666667	110.24724333333332	212.2093333333333	4.63141	1.4630483333333333	29.80861666666667	35.12559666666667	17.766763333333333	72.30984666666667	1
10	17.1645336453355	0.7692701978192557	25.997990567019066	14.836150584802766	90.59096386093852	1.4906153333333334	9.992677	67.28902333333333	43.93501333333333	0.0	2.90117475	1.520943	30.67141666666667	25.38393000000001	5.434425666666666	16.618513333333336	10.280202000000001	129.57488999999998	11.451036666666667	41.58492666666667	0.4482157666666666	0.0	14.0724	32.08296333333333	21.91562333333333	1.27188925	0.0	40.820726666666665	89.68418333333334	41.160246666666666	4.032635666666667	11.229414333333333	75.36243	52.66658666666667	28.443186666666666	199.5614	14.414296666666667	11.683490666666666	1.0272670333333334	3.0376133333333333	2.463111	1169.986	53.65561666666667	7.569894333333332	0.0	1.0864011333333332	4.840543	86.67551333333334	112.6421	10.804635	10.009612333333337	43.69735333333333	74.92232	45.75236	5.506387666666666	472.24013333333335	14.802591333333332	41.159886666666665	167.96446666666662	0.5629896333333333	12.103106666666667	81.67975	1.5719623333333332	0.0	8.506929666666666	33.256573333333336	36.858826666666666	8.980096333333334	0.0	0.0	2.074818	2.891074	44.87068333333334	0.0	61.88088000000001	23.43823333333333	0.0	90.22772666666668	111.01805333333333	12.648130000000002	383.54583333333335	49.59536	0.0	0.22398350766666664	2.880405666666667	7.42015	3.96317	0.6482643333333334	0.09029045	32.01031	30.361790000000003	43.50112333333334	43.42552000000001	11.362225333333333	3.8527864999999997	26.64849666666667	10.543809666666668	15.043196666666667	71.69489	2.511667666666667	9.295107666666668	4.1912096666666665	11.761066	0.0	7.433094666666666	9.845268333333337	26.06865333333333	27.390636666666666	2.8106843	355.9854333333333	12.914848	73.89057000000003	24.71612333333333	36.25492333333333	101.09555666666664	1.7681293333333332	14.243693333333333	0.0	0.0	0.0	162.1786	23.596270000000004	9.743582000000002	0.0	34.18702333333333	260.29836666666665	3.710401	0.0	8.674861	12.13858	0.0	20.728510000000004	12.757023333333333	108.3375	140.87953333333334	103.64151333333332	2.20973	0.0	73.89582666666666	35.48826666666667	2.5076786666666666	98.56281333333332	1
11	33.21735923841413	0.3179349626391943	40.124787590003926	12.110484093193135	73.77013745983588	4.549161333333333	4.6825323333333335	99.67879333333332	23.31608666666667	4.805202	2.9830203333333336	2.0588576666666665	27.65624333333333	20.218583333333328	9.922349	9.797243333333332	15.055097666666667	115.18467	10.183624333333334	22.45693	2.398508333333333	0.0	26.16378000000001	26.734409999999997	15.979593333333332	1.9235153333333328	0.0	20.420273333333334	402.4127333333333	49.59780333333333	6.325968333333333	33.73285333333333	62.64828666666667	95.55034333333332	78.19512333333334	291.5193333333333	24.37013666666667	22.662646666666664	2.0214996666666667	935.5395666666667	18.317246666666666	3319.4040000000005	44.53031666666666	8.396793333333333	0.05611804	1.270312	10.478708666666668	137.26826666666668	73.36985333333334	22.009	19.644416666666668	52.55721666666667	96.51239666666667	47.02588666666666	5.344773666666666	307.1268333333333	5.836731	76.86902333333335	105.60496666666666	2.583685	18.493303333333333	143.81583333333333	2.6508133333333332	0.0	12.251136666666666	65.06390666666667	44.46247666666667	8.108840666666666	0.0	1.7926939999999998	4.6256855	2.7376546666666663	55.96749333333333	0.135851325	923.8328	44.95254333333333	0.0	48.70759333333334	144.7645666666666	6.840388000000001	622.8422666666668	22.76911333333333	2.439611033333333	1.3440538999999998	1.062131	14.435443333333335	2.475702666666667	0.0	42.727996666666655	22.634560000000004	26.19402	62.0713	65.2633	6.8421400000000006	5.7210246666666675	19.839256666666667	22.249053333333336	11.1782	109.13896666666666	11.044383666666667	11.224890666666667	15.268325333333333	39.19273333333333	0.0	12.34782	5.366596666666666	5.273987333333333	47.60818333333333	193.4984	238.69926666666663	13.537366666666665	122.7105	18.679123333333337	45.17695666666666	143.3321	24.421960000000002	7.419059333333332	0.0	3.2155253333333333	22.139633333333336	200.4242	26.536820000000002	15.74385	0.26761840000000003	53.85768333333333	372.6268333333333	9.236837666666666	0.0	5.124024	12.605406666666667	0.0	25.85927	22.58517	65.7216	143.24223333333333	684.2637666666667	4.403797999999999	0.288285455	101.79980666666668	44.17883333333333	8.979253333333332	172.7985666666667	0
12	46.92440095664338	0.3366527452982953	58.1987597336759	13.399746637030034	54.62219384586788	4.164528333333333	2.9358659999999994	113.84003333333334	12.430039333333333	6.1684693333333325	9.686627333333334	2.4313653333333334	24.20179	14.92685	15.827089999999998	10.616711	30.25480666666667	250.53296666666665	6.7750119999999985	20.308733333333333	1.6739943333333336	0.46963012	21.037676666666666	17.26746	15.21042	2.4013256666666667	1.6192272633333331	10.736293666666667	389.4301333333333	65.99826333333333	6.0554260000000015	55.19933666666666	49.57223666666667	95.99332333333332	62.82409333333334	311.2092333333333	27.267173333333336	32.23252333333333	2.332386333333333	1364.9310000000005	29.9301	2193.1386666666667	41.976463333333335	7.5980013333333325	1.03326755	0.7242959	10.081302333333333	166.3117	43.90237333333334	22.85598	31.17216666666667	57.80020666666667	113.52476666666666	54.02030333333334	4.5406846666666665	213.74296666666663	2.272816666666667	63.39028666666667	93.2273	2.2263173333333337	19.322666666666674	153.10856666666666	5.117302666666666	2.4212956	12.879040333333334	78.65670999999998	43.79913333333334	11.965155333333335	1.2364319333333331	0.7771837333333332	4.312560333333334	3.604924333333333	44.30202333333333	0.5278101466666667	1804.331666666667	43.35488	0.22932543	39.43240333333333	143.71163333333334	7.571658999999999	1121.0356666666667	13.177086666666668	6.612695666666667	2.726131333333333	1.322853	14.320003333333334	2.7874766666666666	7.601975333333333	23.69809	21.51981333333333	16.60621	81.83117	62.20203000000001	5.580620333333332	11.457410000000001	17.053169999999998	19.709473333333328	5.926920666666668	126.9606	13.852363333333335	10.91973	51.80568666666666	29.23804333333333	0.13293620666666664	12.800933333333333	4.016808666666667	4.071427666666668	60.643980000000006	276.04776666666663	175.22353333333336	16.727919999999994	134.56413333333333	18.144213333333337	72.35745666666666	159.1948	16.827646666666666	5.8447976666666674	0.1210738	9.285966333333333	85.08509666666667	238.74416666666667	30.79583333333333	16.28142	0.4528692	58.13195	449.92263333333335	8.567120000000001	0.13459878333333333	4.131093333333333	10.705594	0.0	45.31500333333333	22.34880333333333	68.05394	138.11426666666668	746.8247	7.613781333333333	0.27534065	100.55422	38.86665	4.443246333333334	161.566	1
13	23.145139007337004	0.5151287267217474	20.691463371847828	15.640243872994768	64.32078146019114	3.5791809999999997	6.326530000000001	108.54246666666668	119.68304333333332	11.439039999999999	0.94128935	0.68632763	42.38609	25.73190333333333	1.6030559999999998	16.402763333333336	11.857916666666668	3860.8086666666654	13.206970000000002	30.72767666666667	0.5249728	2.3977093000000003	10.270821	30.972873333333336	21.64488	0.0	0.0	21.74325333333333	254.8232	111.14381666666668	1.558559	2.157315666666667	55.911863333333336	56.17693666666667	23.278720000000003	163.20173333333332	21.8573	7.061824000000001	1.2136582	0.0	2.1730995	1591.4496666666666	41.78864333333333	10.770078333333332	0.057853025	1.0541763666666666	6.544837	61.56689333333333	55.92704000000001	14.443476666666667	8.820016666666666	34.786006666666665	78.42199000000002	42.00795666666667	8.183612000000002	259.3979	10.854221666666668	30.586896666666664	163.8772	1.087329	8.062377333333332	90.54659	9.588035666666665	0.0	9.485862666666666	41.767109999999995	22.16528333333333	5.909740333333333	0.4403928	0.0	0.0	2.446455333333333	46.71513000000001	0.058294455	3.903364	21.442443333333326	38.55308	64.13572666666667	84.59209	10.320036666666667	23.04898	20.153446666666667	0.0	0.0	1.952867	9.801436666666666	2.994863333333333	3.7865892	0.0	27.181736666666666	52.37863666666666	18.261238	51.61821	6.662965	6.646433666666668	22.54171333333333	5.020067333333333	12.19517	95.55193333333334	0.884674	7.275309666666666	2.5111795333333333	13.710896333333332	0.0	5.234966666666667	7.1355179999999985	16.066019999999998	32.93821666666667	0.0	281.30736666666667	10.730989	81.59959333333333	23.53906	74.42483666666666	88.28815333333334	0.0	10.297955666666667	0.0	0.0	0.0	157.66676666666666	13.703215	6.543602666666668	0.0	46.2009	350.30456666666674	3.099528333333333	0.0	5.891669333333333	10.730344333333337	0.0	22.27437333333333	12.765656666666667	106.69920333333334	113.12694666666668	14.716860333333333	4.239064	0.381702045	58.96321666666666	29.068750000000005	2.0134717	73.20198666666666	1
14	31.81842892691587	0.16144114148728325	27.018295518870634	14.299676371045768	56.9015904930363	3.8345860333333337	3.1198303333333333	225.67946666666668	8.810259333333333	3.761791000000001	0.0	5.1428226666666665	37.16650666666667	18.894546666666667	0.07945147666666666	17.929679999999994	11.478346	456.12043333333327	17.45920333333333	22.819730000000003	0.0	0.0	22.243783333333337	18.347506666666664	20.125433333333334	0.0	0.0	16.387963333333335	215.6764333333333	123.94013333333332	4.5307553333333335	5.062402333333334	38.585703333333335	88.96386000000004	52.65492	255.68186666666665	20.051376666666666	18.73965	1.2500550666666668	2.7906983333333337	0.443740895	1753.8893333333335	31.19861	10.472245333333333	0.0	1.1546786666666666	8.3858	78.11161333333331	65.15118000000001	10.468866	9.934313666666666	58.95029666666667	113.60889666666668	69.13615	6.524741333333334	189.35236666666665	18.43702333333333	70.43992	89.33472666666668	1.3076656000000002	18.305316666666666	85.71823	7.324415333333333	0.2200205	12.740983333333332	35.98690666666667	26.36832333333333	9.166502	0.0	0.0	3.516760666666667	2.745924666666667	51.89825666666667	0.0	7.749743866666668	25.44925333333333	10.595587666666667	41.66385333333333	80.29143	6.140758666666668	50.367774	28.27765	0.39671836666666666	0.0	1.910769	10.051611333333334	1.5081174666666666	1.06396642	0.3697068666666667	13.486146666666668	32.15018	69.12389333333333	75.31377333333334	5.615503666666666	3.4115509000000004	23.65331666666667	6.617417666666667	9.414484333333332	100.60392666666668	2.781158733333333	7.341656333333333	7.947144999999999	17.597576999999994	0.0	4.638990333333333	4.3529800666666665	2.756738233333333	41.44911666666667	2.3664898300000003	171.4557333333333	13.982593333333332	84.60367333333333	17.482823333333332	104.26779333333332	101.65544333333334	1.13418935	7.094821666666667	0.0	0.4570409000000001	7.379978666666666	246.7588333333333	18.815023333333333	14.889173333333336	0.0	56.69685333333334	312.17133333333334	5.7054269999999985	0.033180985	6.129005666666667	12.609603333333334	11.3238215	15.890280000000002	10.682599333333334	70.62468333333331	161.28549999999996	13.439850666666667	15.475293333333335	0.0	69.32985666666667	25.224953333333332	8.209063333333333	86.02667333333332	0
15	56.03823743239018	0.0	38.08316521516026	11.351286751132625	44.45283448699561	4.3519966666666665	1.9746473333333328	243.0928333333333	16.852243333333334	5.828465066666666	11.7411305	4.845333	31.65822	15.66539	1.7270559333333335	14.74206	22.81940333333333	7878.220666666667	8.253558666666667	19.411443333333327	1.7023768333333331	0.4505803	22.91782333333333	15.498216666666664	17.46507	0.7379090666666667	4.728046	13.460946666666667	392.9532	146.72777333333332	3.984251	11.121123000000004	39.173836666666666	103.22582	89.21783	291.4549	33.88497	25.68254333333333	1.731391	85.51328000000002	3.0433915499999995	3085.021666666666	27.14793333333333	8.488354666666668	0.0	0.2451523300000001	11.228762666666665	127.62891	45.32963666666668	16.208233333333336	12.268185333333335	73.08051	147.86944666666668	75.22348666666666	4.970707	188.79896666666664	10.519615000000002	73.39659999999998	92.86287333333333	2.35242	16.89412	131.20828666666665	6.8198843333333325	1.0766105	16.250383333333332	74.06298000000002	32.16266333333333	12.296491333333336	0.08320530666666666	1.134499	4.622808333333333	6.354238	34.97019666666666	0.16419189999999995	31.873345666666665	34.733106666666664	27.596947999999998	36.513690000000004	110.21745333333332	6.226978333333332	45.85704000000001	20.307853333333327	5.0123033333333336	0.332306165	1.0389101333333337	17.933356666666672	1.9693953333333327	7.389575933333332	1.0078249333333331	15.485620000000004	28.18776333333333	85.18664333333334	92.17649666666668	3.194402333333333	20.360673333333327	20.412046666666672	9.726653	9.792077666666666	145.48646666666667	6.4996027666666665	11.602012	1.76690862	29.7384	0.05289578666666666	7.896563666666666	4.346678333333333	4.311420666666667	74.21433999999998	6.084860666666668	165.96223333333333	16.941390000000002	160.6788	18.502076666666667	139.2009666666667	133.38093333333333	2.1531322999999998	5.296157666666667	0.0	1.0410507	20.33596	270.2404666666667	32.90546	21.53801666666667	0.0	63.976890000000004	418.7432999999999	9.366507666666664	0.33718050000000005	4.471706666666667	8.967732333333332	8.7606585	23.70803666666667	19.509	51.26720333333334	168.58446666666669	163.28749333333334	15.688523333333334	0.077132495	78.49067666666666	37.22806333333333	7.702302	96.63113	1
16	1.5008008979717442	1.1674098862222944	20.06517445651264	23.09633837899284	125.19331855092298	2.174878333333333	11.505868333333332	49.84736666666666	29.04772	0.0	0.0	0.0	45.93073666666666	51.28432333333333	6.850209	14.004229999999998	2.6623875000000004	3.711019966666667	18.520896666666676	48.99670666666666	0.93904985	0.0	7.4272193333333325	83.36304	30.825626666666665	0.0	0.0	31.093716666666666	19.504659333333333	19.005678666666668	1.2906123333333337	1.0487424	86.10563666666668	60.98842333333334	23.74622666666667	157.7491	17.343273333333332	4.733790666666667	1.5190859666666665	0.1848229	0.24466974	701.5667	69.21593333333334	12.841263333333332	0.0	4.309769666666667	0.8209938666666666	37.26671333333333	142.71113333333338	6.932301333333332	4.547216333333334	15.526143333333332	72.38176999999997	34.839059999999996	8.872583333333333	751.8806333333333	64.90696666666666	13.175086666666667	211.82013333333333	3.7816910000000004	10.111432333333333	43.22418666666667	0.6436684166666667	0.44819963333333335	2.286934	16.920096666666666	28.69088666666667	0.42353	0.0	0.0	13.413623333333335	3.0565220000000006	108.10116666666666	0.13325776	1.6376556366666666	20.127426666666672	0.0	79.78728666666667	44.69068666666667	14.747183333333336	2.07087259	67.07927	0.0	0.0	4.623114666666666	2.537829	5.901919	0.0	0.6135973333333333	46.15994666666666	33.89255333333333	44.52003	36.25274666666667	22.170366666666666	14.615046	40.86811	5.141916666666667	21.282076666666672	33.62739333333333	1.6405355933333334	4.505016666666666	4.5980205000000005	12.516492666666664	0.0	2.0900096729999995	7.187076666666666	19.397881666666667	7.826598	2.066184155	681.8575666666667	8.597098333333333	11.031972666666665	51.64274	8.418584666666666	55.53245	0.0	29.139146666666665	0.0	0.0	0.0	87.28242999999998	12.198582333333334	4.698457333333334	0.0	36.71421	173.79663333333335	0.0	0.0	8.699220333333335	20.660963333333328	0.0	4.534007493333333	3.8453610000000014	140.43243333333334	85.32015	22.70360933333333	2.094469	0.0	38.51137333333333	13.922724	5.334970000000001	32.24930333333333	1
17	16.849629076490732	0.4476243934488761	35.46940889236017	16.589375277053833	90.66908547887442	1.2004697999999998	5.816153333333332	100.29408333333332	14.402286333333334	1.6617876666666669	0.0	2.6735526666666662	34.44520666666667	41.27112666666667	8.287697333333334	9.669760333333333	2.468084	10.617333666666667	20.636976666666666	27.45332	1.6677989333333334	0.0	10.828121000000001	43.89689333333333	23.538066666666666	0.0	0.0	26.62092	229.04116666666664	43.67037	4.401731666666668	21.472606666666668	68.5167	87.29114333333332	54.32821000000001	203.58646666666667	25.12874333333333	5.028236	1.9991310000000002	2.1520770466666668	0.5733551666666666	2453.356666666666	41.68514	11.243830333333335	0.0	1.8163733333333327	5.780671333333332	43.250840000000004	95.23624	10.913245333333334	13.357707666666668	27.56330333333333	93.58849	47.17356333333333	7.572240999999999	384.23233333333326	8.460621000000002	23.62376333333333	121.4013	3.064194666666667	10.13693	81.28936999999998	0.4157093000000001	0.0	6.056839666666666	61.87276	34.764230000000005	6.6222499999999975	0.0	0.0	4.309384333333334	3.634345666666667	95.53429333333332	0.0	99.32285333333334	23.58293333333333	0.0	36.922253333333344	78.41100333333333	9.237745666666667	1.3198835	35.60632333333333	0.0	0.0	2.0209623333333333	4.422071666666667	2.4497576666666667	0.0	11.014872	29.507009999999998	27.466390000000004	117.74689	57.57512	14.017223333333336	8.666701999999999	33.06165333333333	2.8818966666666666	12.768881	41.61496666666667	2.449783666666667	8.745507333333334	0.19672802	26.58311333333333	0.0	4.932855	6.6468880000000015	1.1603335533333334	27.75335	4.209853333333334	367.9203	10.435133666666667	54.62266999999999	31.65242333333333	33.25911333333334	116.7471	0.0	14.150537666666665	0.0	0.8893023566666667	8.614631666666666	151.72136666666668	17.464626666666664	15.392063333333333	0.0	52.99420333333334	351.0436	3.271366	0.0	9.882053333333333	17.718033333333334	0.0	9.005850666666666	12.405184666666665	53.60111666666666	147.1789	307.78363333333334	2.155086333333333	0.0	41.98936	28.073106666666664	11.452130333333335	78.84847666666667	0
18	23.847158757151302	0.3823473505800401	45.124491244635	12.295460809749565	70.26825627317794	3.5712738666666666	3.768861	117.80566666666668	5.118649666666666	7.444549666666667	4.119480333333334	2.610345666666667	23.17329666666667	21.944446666666664	12.509456666666667	7.196096999999999	14.71008	201.07346	10.859952666666665	21.67918333333333	2.6359033333333333	0.0	21.50123	33.61848666666667	15.340883333333332	2.978253	0.0	19.312393333333333	562.255	61.01069333333334	5.922317	39.71903	63.48959666666667	113.76456333333334	67.50613666666668	329.11786666666666	24.419756666666668	24.169480000000004	1.5567525666666666	954.4613	20.76541	3015.514000000001	37.73367666666665	8.383353999999999	0.305894695	0.4339143733333333	9.211348333333332	117.87293333333332	62.01241000000001	20.790563333333328	21.22774	51.37834	115.13988	52.36658666666667	5.169735333333334	243.55373333333333	4.041758333333333	63.77609666666667	104.48216666666669	2.627164333333333	16.546113333333334	143.70493333333332	5.410484666666666	0.60944355	11.290213	68.38849333333334	45.94559999999999	11.317419999999998	0.0	0.9330463	35.961866666666666	3.398195	57.05957000000001	5.1447095	2183.6846666666665	36.22414333333335	5.298049333333333	37.86923333333333	119.45702	7.6240466666666675	737.2760333333333	21.042289999999998	1.8063026666666664	2.6062936666666667	1.3255755666666666	10.380181333333333	2.2887983333333333	2.4655153333333337	61.27236666666666	21.546426666666665	21.542016666666665	79.85429	55.362519999999996	7.103542	4.113368066666666	21.957266666666666	25.07291666666667	10.493975	100.96354333333332	11.230375333333335	10.366182	31.633506666666666	26.67811666666667	0.0	7.321104666666668	6.4728949999999985	4.808165	50.00073333333333	428.31383333333326	251.4483333333333	15.185536666666666	102.33235333333334	19.344473333333326	70.47577333333334	158.43416666666667	18.937382666666668	7.152155333333333	0.221245235	6.480127	82.83813666666667	216.89983333333333	23.82312333333333	19.309626666666666	7.2559546333333325	67.85118	394.5652	9.148931666666668	0.0	4.023373	9.518096	0.0	35.433636666666665	18.66758	54.84450999999999	142.6503	1172.5041	5.356342333333334	0.34235079999999996	99.69866999999999	29.94547666666667	12.951667333333333	191.986	1
19	13.015470704584432	0.7615465913284111	25.89502819886397	16.505875080895535	101.0536496240863	2.1014263333333334	10.297343	60.56748000000001	57.99541333333333	1.50177295	5.463867666666666	0.0	42.028223333333344	29.17891	5.166748666666666	15.988843333333335	13.00752	158.77810333333332	9.895512666666667	57.11927666666667	0.5709848333333333	0.0	9.762048666666667	26.01687333333333	15.85555	0.0	0.0	41.437456666666655	110.60384333333332	35.235783333333345	2.7405406666666665	8.330271666666668	77.36448333333334	56.00828666666666	34.64213	133.57813333333334	12.111037333333336	10.696229333333337	1.2252862666666668	2.014923	0.8806909333333333	1256.7143333333333	56.19317666666666	10.860674666666668	0.0	1.3398731666666668	4.066486333333334	65.42881	86.37376	8.883825	14.29135	33.524606666666664	58.93869000000001	35.32343333333333	9.043886	343.10623333333336	11.006670666666665	33.35216666666667	142.28483333333338	0.7770015333333333	10.128818333333333	67.97108999999999	1.4913550666666666	0.0	5.6272459999999995	31.71618333333333	29.311436666666665	3.860405333333333	0.0	0.40341165	1.5342383999999998	1.551364666666667	42.098373333333335	0.0	11.881710666666667	19.31526	0.0	124.69295	116.5107	15.258736666666666	267.9289	27.59512666666667	0.07805453000000001	0.0	2.60793	7.010996999999999	4.241786333333334	0.0	1.3259147666666666	27.295796666666664	28.57985333333333	31.57642	30.975156666666663	10.800104333333335	0.65642656	25.37466333333333	11.706882666666665	13.49247	46.27569666666667	2.8905346666666683	7.533103666666666	21.133092333333334	12.856326666666664	0.0	12.729223333333332	9.440544333333333	31.94138	18.297320000000006	1.2889618666666671	403.73490000000015	11.795806666666666	51.20464000000001	27.18934	32.01064	68.82526	1.9141536666666668	18.16147	0.0	0.0	0.06892735500000001	109.84448	23.025533333333332	10.088435666666667	0.0	27.12725666666667	224.56006666666667	4.933179	0.0	7.940193999999999	15.240003333333332	0.0	22.987096666666666	13.966406666666664	145.35913333333338	91.23740333333332	118.94453	4.786839333333333	0.0	50.32177000000001	28.456836666666664	1.6234845	69.71	1
20	35.650973219130776	0.39965274926970906	36.678682845709794	11.77396512864948	59.74547829517153	3.809855666666667	3.145360333333333	130.43424666666667	20.13936	2.7609544666666666	1.327813	2.3650490000000004	47.89346666666666	21.42334	16.779630666666666	8.015950666666667	11.370696	58.78085333333333	12.027343	23.95607	2.924313	0.55037733	18.491223333333334	16.108877333333336	13.63999	10.264196	1.1443735000000002	17.025540333333335	430.67896666666667	42.67445333333333	5.833431	24.76094333333333	56.62256333333333	124.80563333333332	93.05919666666668	291.1620666666667	29.76883666666667	21.86925666666667	3.0297653333333336	581.2184333333333	24.127296666666666	4266.144	36.705803333333336	12.390889999999999	2.128607	0.791043	15.57014	119.31493666666664	68.90103666666668	18.988357666666666	23.940186666666666	45.61503000000001	107.97747	58.05099000000001	8.114819666666667	190.1349	2.9478006666666663	117.47476333333331	117.82296666666667	1.552644666666667	12.388613333333335	182.73626666666667	6.751558666666668	0.0	18.232701666666667	68.80461333333334	66.74955333333334	5.477142	0.0	0.0	0.5863844	4.495477666666667	57.89903	1.22801955	581.7564000000001	52.74794666666667	0.222606105	48.28833666666667	128.72196666666665	6.044292333333334	172.1739	24.09763	3.9833313333333336	1.4156076666666666	1.2773480333333334	11.803213333333336	2.4696416666666665	2.7780753333333337	141.58303333333333	22.13924333333333	23.15322	57.86819000000001	73.79838333333333	5.789448333333333	2.6478688666666668	15.281166666666666	21.173516666666668	9.799574333333334	103.50368666666668	7.477310000000001	9.273763	6.749201666666668	54.597919999999995	0.28427161500000003	13.618	3.4888526666666664	3.4443300000000003	34.40646666666667	39.456343333333336	315.2126	18.971513333333334	157.04643333333334	14.23981	26.10743333333333	107.90786666666668	17.359082666666666	6.208393000000001	0.16890854	9.060665333333333	6.127195333333334	180.15240000000003	25.88117333333333	13.649253333333334	0.308604105	61.83138666666667	261.9107666666667	9.161663	0.0	5.993335000000001	10.328527666666666	0.13636324999999996	24.825796666666665	24.76634	83.46153000000002	126.69618666666668	2357.6136666666666	7.948154333333335	0.10726135	129.65716666666665	39.54172000000001	8.983808666666668	242.4424	0
21	35.41536035347567	0.21666083760563068	38.42184360288147	9.932345858774001	48.225442129769924	4.741631666666667	2.336832	99.86182	17.44059	6.4874063333333325	2.6270185	2.932008333333333	33.18696333333333	15.060429999999998	13.328413333333332	6.881481999999999	16.376303333333336	559.9084166666668	7.135513333333333	20.39549	2.2748826666666666	0.21220853333333334	17.614363333333333	11.164957333333335	10.048235333333334	10.424062333333334	6.803347666666666	12.139508666666664	463.92183333333327	49.19784000000001	5.133389	22.90565	44.10409000000001	112.17160333333334	95.74016333333331	277.6255333333333	27.95902	19.134326666666666	3.997674	565.1646333333333	21.95666	3552.133333333333	29.06416	9.818381333333337	1.1664728999999998	0.6831229666666667	16.10714	107.02320000000002	48.85185666666666	21.00433	24.39414	49.063	116.68043333333334	50.29576333333333	6.935094666666667	187.15376666666668	3.781409	82.19428333333333	93.00486	2.2757506666666667	14.747233333333336	159.3252	6.886752333333334	1.9393543666666668	14.06521	62.6694	51.94958666666667	6.99384	0.18404659	1.0735443	1.411658	5.095116333333333	41.922446666666666	0.1995944	551.7671	48.59766	1.4523408333333334	38.502946666666666	126.93146666666668	5.953343333333334	301.76556666666664	18.708856666666666	5.910261333333334	0.6029663666666667	0.5960154333333333	13.562876666666668	2.381358333333333	3.240343	108.33845	16.930686666666666	17.785423333333327	53.53216666666666	65.41082666666667	3.933176333333333	3.126558333333333	12.07723	19.165863333333334	9.187936	101.13306999999999	8.333423999999999	12.133392999999998	15.067499	43.75586666666666	0.19680767	15.094870000000002	2.708107333333333	2.606757733333333	33.34109	12.682256666666667	236.39816666666667	15.23964	143.8216	12.730266666666665	43.73760333333333	117.9084	13.336814333333335	4.426983666666667	0.20520206666666665	8.131738666666667	8.702167333333334	168.92673333333332	30.91368	13.500743333333332	0.11192509	62.19995	269.08233333333334	11.105029	0.05070329	4.414093	7.860625333333334	0.60012955	32.09403666666667	25.50328	73.38404333333334	123.8834	2349.7616666666668	8.008553999999998	0.11009051	139.8162	40.881236666666666	8.806298333333336	232.9136	1
22	30.243431303939676	0.3297922889571815	22.97424613789043	16.0025175453023	58.44864671605829	2.5403656666666667	3.4011216666666666	146.96313333333333	95.86616666666669	4.889587666666666	5.8783720000000015	3.0326849999999994	44.23399333333333	24.29974	0.28181332333333337	19.91995	9.033206	14023.713333333333	9.974796333333332	33.12225333333333	0.5164884266666667	0.0	10.872147666666667	23.88277333333333	19.529356666666672	0.11701191	5.9525673333333335	20.102516666666666	331.1965333333333	90.60010333333332	1.4150660000000002	3.2478933333333337	58.12154333333334	64.17159000000001	36.38838333333333	172.0824	19.568696666666668	9.952337	1.2994731000000002	0.0	1.255845	1767.9013333333332	34.269110000000005	9.694391666666666	0.15994465000000002	0.8968374999999998	5.393203	61.95402000000001	44.95838	14.264753333333333	8.560370666666666	38.5507	99.83656666666668	44.69969333333334	7.847740333333332	184.3769333333333	14.399036666666667	41.7594	138.29683333333332	1.5287313333333337	10.484056	102.50843666666668	9.256933333333334	0.0	10.638855333333334	44.76842666666667	22.40693	7.136594666666667	0.0	0.0	0.0	2.643551	41.47015666666667	0.0	1.0051339	26.17089	24.83344333333333	55.11041666666666	77.72508	8.196437666666666	16.542010666666666	15.186770000000001	3.333128933333333	0.0	1.6524353333333333	10.502151666666666	3.268527666666666	2.610624333333333	0.062943275	18.49172	31.602899999999995	15.572907999999998	56.656560000000006	6.541072	6.823305666666666	18.82147	7.148188333333334	12.71	66.08548	3.1007906666666667	7.294557333333334	1.1015610000000002	29.971190000000004	0.0	6.152206	4.9607779999999995	13.533969333333333	36.56325666666667	0.0	212.8483666666667	11.904627	78.27135	20.040203333333334	237.83996666666667	87.36310999999998	0.0	8.751914333333332	0.0	0.0	0.213330585	165.57686666666666	26.51132	16.267126666666666	0.0	48.824540000000006	319.1859	15.628455666666667	0.0	5.832463	8.572983666666666	0.0	28.50143666666667	13.08645	94.25213000000001	96.39481	32.87232366666667	6.300159333333332	0.51072615	75.37940666666667	25.54264	5.209872333333333	53.19295666666667	1
23	26.956592417692203	0.0	32.07773681642447	15.689085591549434	64.7357297923765	1.5486928466666663	2.693964333333333	282.06493333333333	12.733267666666668	0.30737093000000004	0.0	7.066790333333333	55.52746	29.78055	0.6549077	16.853983333333332	8.924394333333334	387.3160003333333	18.808376666666668	42.13954666666667	0.58008258	0.0	11.899056333333334	18.968913333333337	26.91857666666667	0.0	0.0	19.911600000000004	135.96103333333335	47.42695333333333	1.4852931333333332	2.174325366666667	61.10784333333334	61.66658666666666	30.75451	125.76876666666668	24.92081	5.084857666666667	0.0	0.3859194	0.6800896666666668	876.2120333333335	42.41292666666667	11.237173666666667	0.0	0.25499576	5.587592333333332	30.889813333333336	50.12675999999999	5.503837333333332	23.52689666666667	40.20461666666665	85.76318666666667	62.74667666666667	7.3706520000000015	186.24136666666664	15.479816666666665	57.99782666666667	135.05499999999998	0.6570635333333333	7.303354666666666	99.44327333333332	14.263536666666667	0.0	3.8775209999999998	16.94047	29.70520333333333	5.804711999999999	0.0	0.0	0.0	1.4400726666666668	52.17757666666667	0.0	0.33353140000000003	14.10611	5.70321425	63.08027666666667	39.13593333333333	6.867298000000001	10.646049666666665	17.11877	4.908209333333333	0.0	1.890963333333333	2.2316893766666666	0.7330270000000001	0.0	0.12155698	7.870414333333334	38.613423333333344	27.70726333333333	55.56041666666667	4.14577	2.5625735	18.93308333333333	2.329752	10.437217000000002	56.00298999999999	2.1375755	5.9470430000000025	0.0	7.665257333333333	0.0	3.8747177666666666	4.353355333333333	3.3985499333333333	30.74437333333333	0.0	233.1565	8.330408333333333	47.93951333333333	19.773476666666667	47.95272333333333	50.60702333333333	0.0	6.380858333333332	0.0	0.0	0.0	218.26716666666667	8.668978833333334	12.290296666666668	0.0	49.09679000000001	202.35299999999998	6.910021333333333	0.0	7.350320333333332	9.400227000000001	0.0	8.122660333333334	4.639307	90.69060333333331	125.07890000000002	53.46652666666666	10.261436999999999	0.0	55.89649333333333	16.288773333333335	2.769995433333333	26.070670000000003	0
24	48.07609476193525	0.14762228287034965	34.329907371062205	11.423921814616266	42.385385679025866	4.661626	2.342861	234.32926666666665	12.17271	5.562381300000001	6.743116666666666	3.4797453333333332	31.6655	16.795796666666664	8.052545	11.454416666666667	19.680586666666667	3531.064000000001	11.526899666666667	18.595136666666665	1.8541006666666664	0.8356064533333333	19.07028	9.720516666666667	15.060620000000002	4.130277666666667	1.1148207	13.914633333333335	401.3735333333333	78.63019999999999	3.8099823333333336	12.528744666666668	39.55776666666667	86.80722666666668	56.35489333333334	246.5377	25.66425	22.53685	3.531505	231.2107333333333	11.950924	3415.67	29.65789	9.572802333333334	1.4560031000000002	0.2199864333333333	13.795809999999998	113.42216666666666	39.65663333333333	15.031552666666665	24.87511	66.44425666666666	113.37206	64.05109	5.309667666666666	140.28316666666666	7.2934410000000005	87.12138333333333	103.21561	1.7672396666666663	13.705847	117.82176333333332	13.598839666666667	0.520436	17.993263333333335	56.16984666666666	38.25934	9.971799666666668	0.04514159733333333	1.1746960666666666	4.416460666666667	4.015834333333333	33.71238	0.38833995	106.65972666666669	28.623296666666665	16.016065	44.75769	107.24418	6.237718666666666	76.79449333333334	16.443996666666667	6.506916333333333	0.11260724333333333	0.7701572333333333	15.732350000000002	1.7707118000000002	4.0661133666666665	18.812623333333327	12.379163666666667	25.832066666666666	59.88618333333333	85.11347666666667	3.965218333333333	18.915248666666667	16.043143333333333	12.989874666666665	8.455053	101.13403	9.85028	8.236442333333333	17.830516333333332	34.49006333333333	0.0	10.230836333333333	2.6397673333333334	1.634577	52.30200333333333	7.289573333333332	176.85866666666664	14.855103333333332	127.97076666666663	16.645210000000002	205.24620666666667	116.11884666666668	5.9727229999999984	5.794557333333334	0.25711275	4.798615333333333	2.22493215	243.07476666666665	30.765366666666665	17.097673333333336	0.2284066933333333	65.25765333333332	332.63359999999994	25.934736666666666	0.03873192	4.461042666666667	6.729736999999999	3.3749885	34.889896666666665	16.555354333333334	70.01990666666666	136.11956666666666	693.4444333333334	17.806816666666666	0.5678062333333334	112.0304	34.568516666666675	12.058562666666665	117.66503333333333	1
25	14.046585731466891	0.9347594405853272	24.721380848941504	17.648549916993368	111.2619629785769	1.4694886666666669	11.627323666666667	47.26987666666667	48.02600666666666	1.03541875	0.0	1.6911193499999997	48.39236	50.74588666666667	5.994570333333333	13.13291	3.807940666666666	16.500784333333332	17.306829999999998	69.20172666666666	1.7839619333333332	0.0	6.961925000000001	50.46419666666666	25.33428333333333	0.07951682299999999	0.0	31.906256666666664	71.66226999999998	23.407870000000006	2.040419	3.9595726	89.17126666666668	55.25818333333333	34.443490000000004	111.63613333333336	11.517188	7.452159999999999	0.8320586666666666	0.0	0.0	1389.5327666666665	56.93887666666666	11.462723333333335	0.0	3.284893333333333	1.8228711333333336	59.16660666666667	107.45128999999999	7.779527333333334	4.450664333333333	17.921753333333328	66.49449	34.1081	9.061675666666666	495.5979333333333	53.80326	12.772036666666665	166.22106666666662	1.5447369333333334	7.912811333333333	42.961166666666664	1.6605952333333331	0.5404867999999999	6.303417333333332	22.34399666666667	29.98061	4.205088333333333	0.0	0.0	16.131761666666666	2.821434866666667	98.74628333333332	0.0	1.5898043333333334	11.833873333333335	0.0	73.18183333333333	53.03219000000001	18.74173333333333	20.66654	40.422673333333336	0.0	0.0	4.743684666666667	5.793986999999999	6.677445666666667	0.0	1.4016786	39.682466666666656	27.35831666666667	25.810496666666666	41.00157333333333	11.133521000000002	4.452769666666666	27.90063666666667	3.1541250000000005	13.71075	28.956510000000005	1.9164933333333327	6.932651333333332	0.0	18.426659	0.0	4.036020333333333	11.992574	20.843632666666668	10.753550666666667	0.0	654.0323666666667	7.479154666666666	24.99234333333333	28.30878	16.0389	61.90634666666667	0.0	33.909886666666665	0.0	0.0	0.0	89.64246333333334	13.428639000000002	6.460766666666667	0.0	21.84407	158.05136666666667	2.6634975	0.0	10.150952666666667	23.054803333333336	0.0	6.975986433333333	9.205247666666667	143.12730000000005	92.63927666666666	45.63543233333333	4.779148833333333	0.0	20.55363	17.04044933333333	4.659147999999999	38.82675	1
26	20.944599437306035	0.6389164286861347	34.97109947733646	19.388604756614168	61.07844061807386	2.751654333333333	8.101061666666666	63.90655	12.362156666666666	0.9520192333333334	0.0	0.7388701666666666	71.25760666666667	33.02670333333334	7.595068666666666	11.379066333333332	3.627236	105.02540666666664	14.337746666666668	15.590370000000002	1.3347234333333329	0.5614913	9.481193666666668	27.764436666666665	16.507386666666665	0.33586085	0.0	28.65155333333333	158.23612333333332	29.03409666666667	6.220774333333334	8.093147666666667	58.47014333333333	95.65359000000001	85.97313333333334	110.11908666666666	25.23177	5.197806666666667	1.5134633333333334	2.561406466666667	0.4492755666666667	4200.416666666667	42.87739666666667	13.756416666666668	0.0	2.168061	5.165188666666666	46.88537	95.79631333333332	8.684965	8.286031	19.257460000000002	81.48362666666667	40.57794666666667	13.093393333333333	244.17506666666668	11.292689333333335	23.217120000000005	143.77596666666668	3.1564406666666667	10.756739666666665	72.01736	1.4346978666666663	0.7063633	10.294990333333333	46.10685000000001	32.28875333333333	10.193513666666668	0.0	0.0	1.9388582333333333	3.710769333333333	77.64311666666667	0.0	2.927680833333333	15.957683333333335	1.1055765	24.1402	53.02162000000001	8.891436666666666	7.829105333333334	43.36637333333334	2.889764533333334	0.0	2.2462323333333334	10.393746333333334	3.766460666666666	0.0	3.2741920000000007	32.89085666666667	43.865790000000004	45.82671666666666	63.21385	10.410650333333336	1.7954110666666665	19.990443333333328	4.455708333333333	10.126387666666666	31.34972	0.7333166666666667	7.488801	0.0	66.21097999999999	0.0	3.379979333333333	5.977813666666667	1.4551578666666665	14.542306666666667	2.17671265	453.04873333333336	15.824173333333333	81.37089999999998	22.31700333333333	33.75049333333333	128.68093333333334	0.0	10.286575	0.0	0.42693343666666667	1.8807225333333333	111.59596666666664	20.107816666666672	12.410037333333333	0.0	38.42447333333333	160.00053333333332	4.172918433333333	0.0	11.354353666666665	19.283646666666673	0.0	12.131723333333333	13.152976666666666	89.90819666666668	93.57184333333332	185.4805333333333	3.511476333333334	0.0	35.25088333333334	33.783606666666664	13.393926666666667	77.51052666666666	0
27	45.17418605853117	0.11406043373644302	32.878456544050735	11.8255956255001	40.60126671997007	5.175574666666666	2.094061	243.9427	7.7796379999999985	2.130746	3.904616666666667	4.607515333333333	43.70653	15.403303333333335	18.333343333333328	12.102646666666667	13.498506666666666	1301.4307333333334	15.37357	16.75442	3.518736666666667	9.408722	19.265076666666666	10.077594	15.63655	4.603915	0.9576304666666666	10.357995	400.81463333333335	55.75017333333333	2.854634666666666	18.929366666666667	38.76064	91.74716666666669	67.91421000000001	223.9917	36.972296666666665	18.109116666666665	2.7270393333333334	230.52266666666665	11.539023333333333	3550.374666666666	31.17016666666667	9.674773333333334	0.4393528066666666	0.9881433666666668	10.298279333333333	96.03289666666667	50.06780666666666	10.731445	37.34294666666667	54.39536999999999	118.95006666666669	71.53088666666666	5.693402	151.4153	6.527126	75.23122	104.48753	1.5665283333333333	10.977842333333333	125.82346666666668	13.674316666666664	2.4843745	14.234973333333334	54.32808666666667	37.075426666666665	9.966246333333334	1.519197666666667	3.3299046666666663	5.922007	4.4717986666666665	39.539556666666655	0.4670936666666667	108.77788666666667	22.853606666666664	7.206281999999999	40.64516666666667	73.17699333333333	6.232045333333333	64.98767333333333	17.379953333333333	5.859306666666666	0.33897400000000005	1.406887	17.14464666666667	1.2686453666666668	3.1753853333333333	37.64530333333335	14.824819333333332	28.523830000000004	114.59365333333334	109.506	3.53711	14.321997333333336	15.03262	7.1903896666666665	8.665348	81.89936333333334	7.939626333333332	12.034003333333333	19.043283333333328	20.172363333333333	0.13810132333333336	10.547847	3.910446	2.2979854	38.867763333333336	4.119695666666666	211.5995	14.43545	118.75848333333332	16.226026666666666	54.65502666666666	109.62604333333331	7.2792226666666675	4.5013733333333334	0.4388441333333333	4.010081333333333	24.53643233333333	244.55956666666665	19.802296666666667	13.929610000000002	1.5167707333333336	55.72149333333334	265.18493333333333	12.942210000000001	0.18254059000000009	5.380513666666666	7.837372666666668	2.1392195333333333	9.696302000000001	14.92514	83.80676	164.08533333333332	901.6691333333333	13.306043333333333	0.3261219	85.98073666666666	38.59655	18.968586666666667	131.15073333333336	1
28	21.242279664223567	0.5828840912578598	19.962932849453267	12.635613526461198	87.34126882979383	2.9237900000000003	8.238490666666667	70.83935	22.572966666666666	0.6040376999999999	0.0	0.01362247	44.97119	23.97849333333333	8.282053	17.221159999999998	4.112282	102.26885333333333	10.445292666666663	44.28842333333333	0.96614395	0.90582805	9.730114333333333	26.92996333333333	19.667293333333333	0.0	0.0	30.262590000000007	100.61552333333331	33.578786666666666	3.805878666666667	12.907783333333334	82.30160333333333	49.79987333333333	31.60514333333333	168.95586666666668	13.79693	15.81966	0.8912887666666668	2.5083829333333334	3.345658	1115.5197666666666	53.28796	9.580694666666666	0.070233035	1.1558236000000002	4.242881333333334	70.29387	81.39421	12.46977	18.99975	35.84892	61.76315333333334	37.582143333333335	7.415038666666668	319.69846666666666	12.37358	31.35234	144.41933333333333	1.1487546666666668	9.959757666666668	79.63512333333334	1.6158476666666666	0.0	5.364082	30.77104333333333	30.69831000000001	6.644030333333332	0.016699945	0.0	0.0	1.8910474666666663	45.95710333333333	0.3509523	41.84035666666667	18.146296666666668	0.0	113.40991000000001	94.97556666666668	17.028976666666665	269.01753333333335	31.72307666666667	0.0	0.5972768033333333	2.4874173333333336	8.129026333333334	4.275033333333333	0.8457889999999999	0.24530241	26.40834333333333	25.28043333333333	33.70036666666667	38.90615666666667	9.797296333333334	1.3727019333333337	22.75391333333333	7.756377333333332	15.727406666666667	54.17389666666667	2.0372582	9.262220333333332	2.6661180000000004	14.677863333333335	0.141948515	14.882406666666668	11.318053	31.29021666666667	21.89736000000001	0.41755235	332.7124	13.076643333333335	64.37062333333334	19.13332	19.90304	74.77497	1.4448986666666663	13.606483333333333	0.0	0.0	0.1033051	129.05556666666666	28.213736666666666	10.099506666666667	0.323779715	33.18730666666667	242.31246666666667	2.1925803333333334	0.0	5.984217	10.825127666666667	0.0	16.520343333333333	10.405676666666666	119.4524	112.41873333333332	32.113166666666665	4.314959	0.0	61.723819999999996	38.52855	2.5198630000000004	73.85121	1
29	26.628339354675003	0.3734569665642337	27.78890132019333	12.7469349733321	63.00864813198459	3.230594333333334	3.659329666666667	73.88073	19.6247	3.5859370000000004	0.3718425	2.2159937666666667	35.96799	26.76850333333333	10.635619333333334	7.585979333333332	10.726277333333334	27.02458	8.347679	26.18212	2.0780833333333333	0.6730027999999999	15.10234	21.72338666666667	12.242176666666666	6.130128666666668	0.922589	20.35557	420.13296666666673	47.94145	6.435867666666668	18.198496666666667	63.41971666666668	114.1391	77.81183333333333	260.1433666666667	23.6525	15.8607	2.594348666666667	948.1096666666666	17.802386666666667	3774.19	35.07114333333334	9.364736666666667	0.3763136	1.0395179333333333	9.964935	102.47229666666668	55.71258	24.07147	13.961953333333332	40.87569666666667	103.85404	45.95846333333333	6.079010333333334	166.95990000000003	4.152611	90.64821666666668	105.80040333333334	1.2602486666666668	13.717563333333333	171.8011	4.960194666666666	0.5855446333333334	10.952283999999999	60.18379333333333	59.621340000000004	6.0563290000000025	0.0	0.53528432	0.8473016999999999	2.6335493333333333	48.44299	0.2717308	1166.0226666666667	52.201633333333334	0.026711945	33.741976666666666	124.9642	8.06606	306.5150333333333	18.884106666666668	5.036476	1.4651663	0.9693174000000001	11.734662333333333	2.600749	5.560121333333334	109.81118	19.485616666666672	15.268643333333335	49.90118666666667	57.04920333333333	6.901592000000001	3.080218	18.955246666666667	36.3304	10.904243333333335	97.8138	6.299233	7.9866610000000025	6.0700660000000015	65.16191333333335	0.2257205350000001	12.755676666666664	5.645217333333334	5.483048333333333	36.513043333333336	80.85336666666667	283.10903333333334	20.18662	121.03333333333336	14.126566666666667	41.706543333333336	111.92519	29.927516666666666	6.954383666666668	0.019416916666666662	5.409563333333334	12.358378666666667	142.11270000000005	30.77432666666667	14.754533333333333	0.22842847666666666	67.24325666666667	228.1126	12.378343333333332	0.0	7.585002666666668	13.955059999999998	0.46629961	38.794093333333336	27.49537666666667	73.24666333333333	104.42733666666668	1681.7896666666666	2.941279	0.26345445	126.51230000000002	35.038626666666666	12.714293333333336	219.0085	0
30	33.8621519168675	0.3675158810127964	33.1286543634591	11.02546535987931	46.95856386332347	3.4345436666666664	3.005649333333333	102.2523	11.769109666666665	5.282743	4.617450333333333	2.8745063333333327	28.571716666666664	15.181019999999998	12.87929	5.934223333333333	15.3813	323.1004	6.340688333333333	21.087643333333336	2.1023723333333333	0.7850246	16.1661	12.470606666666667	12.074579666666667	5.014339666666666	2.6038783333333333	14.175553333333333	412.83183333333335	45.14262333333333	6.609469	29.49113	47.51339	104.38561333333332	83.63073333333334	284.8530333333333	24.23825333333333	23.222306666666668	2.288907333333333	926.8255	24.48969	3102.148333333333	33.71014	8.473848666666667	0.6151215999999999	0.9621919666666666	9.48906	113.04573333333332	37.129693333333336	23.421879999999998	25.11611000000001	49.27973	106.5912	53.80043333333333	5.754117666666668	152.81596666666667	3.3373106666666668	77.28698333333334	95.45101666666666	1.8318133333333333	15.215686666666665	160.8456	6.806501333333332	1.0381243333333332	10.998513333333335	58.09764000000001	55.57304	9.772207000000002	0.15734467	1.3375722666666665	1.5929590000000002	3.8753669999999993	33.329010000000004	0.4193649	1075.6295666666667	44.89088333333334	0.21446880333333332	40.92096	141.2318	7.457583666666667	469.3215	13.02209	6.856890333333332	1.2778122333333333	1.0907314333333331	13.176776666666667	2.2805596666666665	8.081728666666667	110.05259	14.663623333333335	14.033396666666668	63.95905333333334	64.73100000000001	4.944864333333333	6.496544	15.040083333333332	22.68782333333333	6.937409	121.29700000000001	6.6213223333333335	10.875335333333336	15.470002666666668	43.41373666666666	0.2324827	15.107706666666665	3.867629333333333	6.133261666666668	46.56426000000001	29.612340000000003	211.12160000000003	19.300093333333333	129.50426666666667	13.508033333333332	53.648830000000004	133.0644	19.637166666666676	5.064511666666666	0.33325706666666666	9.129765333333333	24.205270000000002	178.6571	30.849390000000003	14.90308	0.3544404333333333	61.97812666666667	296.0076	10.956348666666665	0.25726497333333337	5.0982400000000005	8.096859	0.5405430999999999	40.16652333333332	27.402583333333336	70.64215	118.45926666666666	1960.6056666666666	7.401330666666666	0.184928205	155.04493333333338	39.70469	8.579725666666667	250.30093333333332	1
31	21.526736705392466	0.36759994862150097	15.660406141442099	15.401941487222102	61.85156477153327	7.309335999999999	3.213658666666667	132.02786666666668	84.76294	2.8043026666666666	1.4492225	2.1012812333333333	51.53432333333333	22.00515	0.19853417	20.215113333333328	15.464459666666665	2613.8903333333333	15.855946666666668	38.57884666666667	0.5864804766666666	0.0	9.200993666666667	24.891206666666665	24.55571333333333	0.01884274	0.0	21.171850000000006	230.26803333333336	69.02019	1.9097496666666665	4.874796333333333	59.68245333333334	52.51713000000001	31.73168666666667	138.63663333333332	20.946536666666667	12.673106666666667	1.4430274533333336	0.0	1.0081309999999999	1327.6436666666666	43.2403	10.821351000000002	0.0	0.5456776999999999	3.419331333333333	50.63988333333334	53.46200666666667	8.170674333333332	10.570080666666668	29.63564333333333	80.47372333333334	35.62208333333333	9.154019	182.9345	6.9256996666666675	40.553886666666656	152.6346333333333	0.9153664666666668	7.776706999999999	87.52834333333332	7.287210666666668	0.0	8.117414000000002	30.43508666666667	19.020023333333327	7.303656	0.074549685	0.0	0.260174005	2.4895932999999997	38.94515666666667	0.34746735	0.12214591666666667	20.136633333333336	28.553403333333332	76.05568333333333	64.02520333333332	9.994184000000002	12.819280333333333	20.446413333333336	0.6217711499999999	0.0	2.282853333333333	8.935327666666668	2.9454856666666664	1.805436	0.0	22.84622333333333	33.29586333333334	18.743556666666667	44.77082666666666	6.780842	13.002197333333335	23.74321	5.913866333333334	12.886606666666667	68.03668666666667	0.8787752500000001	8.659595	2.7656135	12.114275666666664	0.0	5.697050999999999	7.9843773333333345	24.46672	34.68108333333333	0.037927855	223.99400000000003	8.336877999999999	65.51333000000001	22.394666666666666	87.63202666666668	68.89295	0.0	7.549038333333333	0.0	0.0	0.0	140.28216666666665	15.858316333333335	13.024696666666665	0.0	38.92359666666667	243.5011	4.351400333333333	0.0	5.652313333333333	8.533033666666666	0.0	18.554129999999997	9.829472666666666	141.16276666666667	95.08028	27.68391771000001	6.5500333333333325	0.0	50.79981	20.94725333333333	4.221943333333333	53.03397666666667	1
32	31.64992535493283	0.0555094473900344	23.19299020921693	12.587769482338235	74.43497468655876	0.3545913666666667	2.584019	334.7672	7.708044333333333	0.5166558666666666	0.0	7.822067333333332	57.6354	30.63916333333333	0.17803825333333334	23.048286666666666	16.42819	17.710759033333332	25.13263666666667	76.52898333333333	0.0	0.0	8.465685	20.82788333333333	29.936246666666666	0.0	0.0	24.74766	87.73931666666668	34.13644	0.5541804	0.41213025	67.73708333333333	61.03992333333334	25.11909333333333	147.3991	15.855796666666668	2.880314666666667	0.9885526333333332	11.132604196666668	0.0	802.4952666666667	45.60229	10.569788333333333	0.0	0.5197914666666666	3.9505356666666662	39.786	56.24442	5.019915	18.68544333333333	52.63864	87.79286	69.33832666666667	11.051834333333332	185.45453333333333	26.04902	44.26799000000001	97.65390666666669	1.1050351999999999	10.128107666666667	113.69683333333334	15.741913333333335	0.0	7.482259666666668	13.366689333333333	20.81508	7.914777999999999	0.0	10.2559545	0.0	1.5962953333333332	66.42663333333333	0.0	10.816536366666668	8.425961666666668	0.0	87.85431000000001	45.04799000000001	8.460669333333334	18.219040000000003	15.530926666666668	1.3963404333333334	0.03784515	2.813597	5.7134376666666675	1.0294474333333332	0.0	0.81168618	7.615877666666668	29.33587999999999	37.24946	52.85634	8.028161666666668	0.0	26.2677	3.6466283333333336	19.25658	60.24462333333334	3.2449058	3.012783933333333	3.3469613966666665	7.285697999999999	0.0	2.3638244	5.074008666666666	5.408345333333332	22.17142	0.0	233.62686666666664	13.498192666666668	33.12489	27.89738	64.07772666666666	37.019036666666665	0.514156675	6.428677333333333	0.0	0.0	0.0	249.5751	10.747331	15.223183333333333	0.0	56.36937	212.93923333333333	12.215546000000002	0.0	9.780374333333333	9.463176	0.0	7.410534333333334	8.446622	90.02644000000002	117.5169	397.41796	2.0268649666666665	0.0	55.415169999999996	17.393723333333334	4.453317466666667	27.53511333333333	0
33	47.899333440840216	0.21057154152376634	32.74209202001987	12.309141001017899	44.90403209487033	3.5910496666666667	2.4348766666666664	193.03843333333333	8.470287666666666	7.5098639999999985	3.798781	4.736510333333333	26.24182333333333	15.882266666666668	0.2468867166666667	11.130836333333333	19.622106666666667	1162.1967	6.4035866666666665	17.12942	1.1917368666666666	1.1395580666666667	16.090883333333334	13.280336666666665	12.725873333333334	0.0	0.4254182333333333	14.393456666666667	252.2302	96.24322	5.920252333333332	3.007330333333333	38.69433	95.36295333333334	62.22767333333334	245.4678	25.55825	17.211723333333335	2.945904	0.5455316666666666	0.8271564	3834.596333333333	23.95966333333333	6.111948000000001	0.5624608	0.66791	10.407139333333333	84.69179333333334	41.945863333333335	21.733	10.751511333333333	57.27756333333334	121.80393333333332	61.91568666666666	4.640765333333333	125.2832	9.036286333333333	76.93966666666665	98.27251333333334	1.6611656666666663	16.190803333333335	101.61894	5.478247666666667	0.9230898	17.87965	66.10957666666665	31.519386666666666	12.154182333333333	0.10550864333333332	0.27273755	4.280093	4.053486333333333	27.45902333333333	0.11671369000000002	1.0536274333333333	30.71012	24.47117	33.328759999999996	126.91297333333334	5.803648666666668	34.10605999999999	19.538973333333328	2.4714726666666667	0.14591304149999998	0.5613583000000001	11.105757000000002	2.010473333333333	10.820644999999999	0.08746090666666666	15.588496666666664	18.855096666666665	49.01917	76.94434333333334	4.886147	41.51596333333333	15.627226666666667	14.104126666666668	8.315111666666667	75.45103999999998	6.225534333333332	8.545306333333334	1.8096341333333328	75.77027	0.3737822550000001	9.988234333333333	4.023063333333333	2.762374666666666	55.64158666666666	0.06703359999999997	181.7026	20.44654	141.22813333333337	13.353596666666665	402.0414	149.79486666666662	0.042040595	5.403138666666666	0.27056765	0.059059605	0.43053415	170.83863333333332	49.58912333333333	25.039756666666666	0.19384065	62.86605	306.01146666666665	57.14813666666666	0.0	6.110512333333332	7.862607666666666	5.046000666666667	58.88004666666666	18.683486666666667	53.86986666666667	129.20433333333332	116.11502	14.350888666666664	0.27345169333333336	88.71749	43.45609666666667	18.29871	93.46350666666667	1
34	26.17041775642507	0.5391331924163744	38.3386122791182	21.549587640009328	61.19146967311404	2.856599	6.053174333333334	74.91064333333334	2.031517333333333	1.0494597	0.0	0.8820270999999998	67.96562	42.22177	9.859039333333332	10.481480333333332	1.394915033333333	5.1158648000000015	14.182250000000002	14.29536	1.580169733333333	0.0	9.425931333333333	26.402896666666663	16.119296666666667	0.0	0.0	21.029413333333334	185.69683333333333	40.29192666666667	5.7073709999999975	10.121464333333334	58.12915333333334	105.0264	85.70355333333335	124.49706666666668	27.477376666666668	5.1977546666666665	1.3153766666666666	12.858316333333335	0.8575265999999999	4924.871666666667	41.01690333333333	12.02082	0.0	1.5925186666666669	6.137691	53.29969666666667	90.71429	8.624697666666668	14.805496666666665	19.474320000000002	81.15159999999999	48.2214	10.342419333333334	199.3603	4.011450666666667	21.94393333333333	124.04006666666668	2.648477	11.176789999999999	77.81740666666667	1.9597883333333337	0.25921045	8.260528666666668	54.68364666666667	35.14194666666667	12.748873333333336	0.0	0.0	0.7405219333333334	5.625003	66.77264333333333	0.0	3.966943333333333	17.282283333333332	0.508054245	18.641293	67.50933333333333	7.741265666666667	3.2363722000000004	41.29244666666667	0.15824171499999998	0.0	1.83777	7.2390766666666675	4.66594	0.0	2.887077	33.26400333333333	38.40592	73.55297	68.07992333333334	12.403746666666665	1.0805183333333332	18.972363333333327	2.826620666666667	10.081612333333334	34.36778666666667	1.0811239666666668	6.454800333333334	0.061714945	85.68427333333334	0.0	3.911517	7.340329666666666	1.16954635	16.124746666666667	4.666488999999999	466.77833333333336	16.14626	98.43005666666666	21.978323333333336	22.379303333333336	147.24776666666662	0.50841271	10.77899	0.0	0.295697794	3.7930349999999997	125.6386	21.910466666666668	13.57796	0.0	39.37094	180.45893333333333	4.344021333333333	0.0	10.268834	21.50762333333334	0.0	19.11666	16.346166666666665	77.38322000000002	103.59913333333334	156.85276666666667	1.4903561333333333	0.0	31.050666666666668	34.12610333333333	18.434093333333333	84.72169333333333	0
35	48.27266483475137	0.3180448326730429	40.461610640618034	12.849492062826965	50.75354266761798	4.423315333333334	3.772543333333333	121.4456	2.410298333333333	3.327555333333333	1.6559504333333337	0.7448739000000001	44.89743333333333	30.93399	10.147496666666667	6.951281333333334	3.2257743333333333	135.03097233333332	12.527593333333336	13.238923333333334	7.284002666666668	35.79111333333333	10.640673666666666	24.874893333333336	14.031179999999999	1.1846129666666665	0.0	17.462680000000002	339.7819666666667	60.90648666666666	5.9058063333333335	19.200003333333328	54.26216333333334	120.2867	98.28269333333334	209.71026666666668	35.77893333333333	6.736916666666668	3.6847103333333333	164.55982666666668	4.949123	5351.057666666667	29.46735	9.713858	0.132900785	0.4373575	8.381797666666666	101.81676666666664	75.20071999999998	14.56026	21.56705333333333	32.953570000000006	112.50013333333334	63.10044333333334	7.225435666666668	137.19613333333334	1.6861324	46.54500666666666	88.06659333333332	3.4636566666666666	13.704520000000002	120.242	4.208510666666666	0.9780929333333334	8.902719333333332	85.65140000000002	45.15475333333333	21.827766666666665	8.95491	0.5682159666666666	3.6475943333333336	6.560646666666666	45.48223	1.927886185	195.16403000000003	24.88763333333333	0.7045380333333333	21.19003	103.34513666666668	7.172253	74.49106333333333	28.254166666666666	0.9401477333333332	0.1718603333333333	1.5478653333333334	14.924546666666664	2.948646333333333	1.259414	17.517993	25.34474	24.31607	311.6843666666667	102.06860999999999	8.739166333333333	14.36999	15.288673333333335	9.454463	8.399588	63.6441	2.618112333333333	10.016041	1.3507401333333335	65.41681333333334	0.11096188666666666	9.084439999999999	5.89346	1.320244	28.864303333333336	7.9399066666666664	371.8178	17.386113333333334	120.68593333333332	15.390589999999998	56.47101333333333	215.33273333333332	3.521962666666667	6.382340666666668	0.14191805000000002	1.4781719999999998	47.50891000000001	197.53903333333332	27.587020000000006	17.176806666666668	0.9137579533333332	56.44213333333334	293.4420666666667	12.681972	0.16950172500000002	9.326701666666667	13.41069	21.926070000000006	24.83265333333333	22.28298666666667	50.98549666666667	149.6233333333333	437.0009666666666	1.9040193333333333	0.2478266665	58.33611	43.35864333333333	41.27683	89.64010999999998	1
36	4.519765134858481	1.0400534520310436	11.93497646317307	28.855440813375697	147.2729767801905	3.0327768	19.88203	39.38409	49.99434	3.23939	0.0	0.0	55.647415	67.784165	4.091722	15.21531	1.402517	2.9546615000000003	21.817175	81.163195	0.7796271	0.0	4.6832565000000015	67.851055	28.284780000000005	0.0	0.0	31.411875	44.705973	16.975524999999998	1.01412905	1.7753310000000002	91.539515	38.348425	19.3201465	113.35905	12.368940499999999	0.9889995	1.109102	0.3053043	0.0	755.07425	76.2156	12.11366	0.0	4.927741	1.208041	19.29005	133.3117	2.9982029999999997	3.921679	12.298694	50.246595	22.77298	16.1737775	634.5931499999998	61.47111999999999	6.3015265000000005	239.36325	1.349308	5.7698945	36.70249	1.07430205	0.0	4.3980820000000005	17.097835	26.32143	1.0648538	0.005716441	0.0	7.6989930000000015	1.4013055	147.7286	0.33560675	2.8173457	5.363360999999999	0.0	114.48735	39.600115	16.954535	4.6507935	51.617525	0.0	0.008689095	6.36096	0.4806353	7.6671355	0.031789099999999994	1.208393055	48.11829	30.48625	47.74364	22.09335	20.351415000000006	3.202665	42.081734999999995	4.2128525	19.313305	27.365465000000004	0.0	2.7098560000000003	0.0	9.4755535	0.0	5.508538	6.024153999999999	34.16972	8.161205	0.01994677	713.1487500000003	7.310727499999999	9.5494655	33.15543	9.693261499999998	25.681565	0.02474807	29.809225	0.0	0.0	2.136305	76.35634499999998	11.074330499999999	5.9021775000000005	0.0	30.021745000000006	119.1168	3.8940639999999997	0.0	8.1930485	18.190015	0.05594977	10.715612	2.0713045	159.59905	67.95185500000001	15.417370000000002	5.319891999999999	0.0	26.443984999999998	7.465416000000001	3.720032	49.543635	1
