geneID	G7F_mean	G7FNSen_mean	G7FSen_mean	G7M_mean	G7MNSen_mean	G7MSen_mean	G7S_mean	G7SNSen_mean	G7SSen_mean	Y7F_mean	Y7FNSen_mean	Y7FSen_mean	Y7M_mean	Y7MNSen_mean	Y7MSen_mean	Y7S_mean	Y7SNSen_mean	Y7SSen_mean	G3F_mean	G3FNSen_mean	G3FSen_mean	G3M_mean	G3MNSen_mean	G3MSen_mean	G3S_mean	G3SNSen_mean	G3SSen_mean	Y3F_mean	Y3FNSen_mean	Y3FSen_mean	Y3M_mean	Y3MNSen_mean	Y3MSen_mean	Y3SNSen_mean	Y3SSen_mean	Y3S_mean
ENSMUSG00000026154	9.374706874694729	12.772967626225466	27.82423211941287	5.671751492912787	11.260086497783613	16.675179970566735	0.0	6.299948111993913	16.657781440196597	17.1645336453355	33.21735923841413	46.924400956643375	23.145139007336997	31.818428926915868	56.03823743239017	1.5008008979717442	16.849629076490732	23.847158757151306	13.015470704584432	35.65097321913077	35.41536035347567	30.243431303939666	26.956592417692196	48.07609476193526	14.046585731466893	20.94459943730603	45.17418605853117	21.242279664223563	26.628339354675003	33.8621519168675	21.526736705392462	31.649925354932833	47.89933344084023	26.170417756425067	48.27266483475137	4.519765134858481
ENSMUSG00000101372	1.4445872381347502	1.111497019247761	0.3715841390028256	0.6999264994419804	0.3307045220644649	0.3649404238922603	1.6248522915796333	0.486327126822734	0.348787174409841	0.7692701978192557	0.3179349626391943	0.3366527452982953	0.5151287267217474	0.1614411414872832	0.0	1.1674098862222944	0.4476243934488759	0.38234735058004	0.7615465913284108	0.3996527492697089	0.2166608376056306	0.3297922889571814	0.0	0.1476222828703496	0.9347594405853272	0.6389164286861347	0.114060433736443	0.5828840912578596	0.3734569665642337	0.3675158810127963	0.3675999486215009	0.0555094473900344	0.2105715415237663	0.5391331924163744	0.318044832673043	1.0400534520310436
ENSMUSG00000026087	22.069027368990664	25.17300515949007	43.72476810281943	16.839861459220497	20.386268693436133	26.00312108366123	20.09914104207437	31.424203447937632	30.086606063702703	25.99799056701907	40.12478759000394	58.1987597336759	20.69146337184783	27.018295518870634	38.08316521516027	20.065174456512633	35.469408892360164	45.124491244635	25.895028198863965	36.678682845709794	38.42184360288147	22.974246137890432	32.07773681642447	34.329907371062205	24.721380848941504	34.97109947733647	32.878456544050735	19.962932849453267	27.788901320193332	33.1286543634591	15.6604061414421	23.192990209216937	32.74209202001987	38.3386122791182	40.46161064061803	11.93497646317307
ENSMUSG00000041763	18.2304420548826	11.950132314500316	12.110389549128	28.941241270532768	17.719509278862933	14.5244259223268	27.617458096440163	16.755259308968167	17.023425468563968	14.836150584802766	12.110484093193133	13.399746637030034	15.640243872994766	14.299676371045768	11.351286751132628	23.09633837899283	16.589375277053833	12.295460809749564	16.50587508089553	11.77396512864948	9.932345858774	16.0025175453023	15.689085591549434	11.423921814616266	17.648549916993368	19.388604756614168	11.8255956255001	12.6356135264612	12.7469349733321	11.02546535987931	15.401941487222098	12.587769482338237	12.3091410010179	21.54958764000933	12.849492062826966	28.8554408133757
ENSMUSG00000025982	112.09508840134	84.47663951065373	55.60532805404037	83.4387079235826	65.1207880821117	51.364687967789166	120.53032772282366	74.6349896184642	59.653099839194304	90.59096386093852	73.77013745983588	54.62219384586786	64.32078146019113	56.9015904930363	44.45283448699559	125.193318550923	90.66908547887444	70.26825627317794	101.05364962408632	59.74547829517153	48.22544212976993	58.4486467160583	64.7357297923765	42.385385679025866	111.26196297857688	61.07844061807386	40.60126671997006	87.34126882979388	63.00864813198459	46.95856386332347	61.85156477153328	74.43497468655876	44.90403209487033	61.191469673114035	50.75354266761797	147.2729767801905
ENSMUSG00000087213	1.5142823	7.601778333333333	4.581615666666667	0.73771665	1.8171695633333331	3.3904573333333334	0.0	2.3115994	4.181199666666667	1.4906153333333334	4.549161333333333	4.164528333333333	3.579181	3.8345860333333337	4.351996666666667	2.1748783333333335	1.2004697999999998	3.5712738666666666	2.1014263333333334	3.809855666666666	4.741631666666667	2.5403656666666667	1.5486928466666663	4.661626	1.4694886666666669	2.751654333333333	5.175574666666667	2.92379	3.230594333333334	3.4345436666666664	7.309335999999999	0.3545913666666667	3.5910496666666667	2.8565989999999997	4.423315333333334	3.0327768
ENSMUSG00000033364	10.742225	6.553053333333334	2.270028866666667	4.002886666666666	3.173988666666667	3.7118836666666666	9.708686333333334	4.201070666666666	5.616802666666666	9.992677	4.6825323333333335	2.9358660000000003	6.326530000000001	3.1198303333333333	1.9746473333333336	11.505868333333332	5.816153333333333	3.768861	10.297343	3.145360333333333	2.336832	3.4011216666666666	2.693964333333333	2.342861	11.627323666666667	8.101061666666666	2.094061	8.238490666666667	3.659329666666667	3.005649333333333	3.213658666666667	2.584019	2.4348766666666664	6.053174333333334	3.772543333333333	19.88203
ENSMUSG00000073616	43.466469999999994	68.45147	120.97071666666666	88.45598333333334	104.46016666666668	163.12466666666668	28.504599999999996	71.77625666666667	147.01477333333335	67.28902333333333	99.67879333333332	113.84003333333334	108.54246666666668	225.67946666666668	243.09283333333337	49.847366666666666	100.29408333333332	117.80566666666668	60.56748	130.43424666666667	99.86182	146.96313333333333	282.06493333333333	234.32926666666663	47.269876666666654	63.90655	243.94269999999997	70.83935000000001	73.88073	102.2523	132.02786666666668	334.7672	193.0384333333333	74.91064333333333	121.4456	39.38409
ENSMUSG00000026365	70.06121666666667	58.384620000000005	14.668507333333332	25.18746333333333	19.75309	18.470856666666663	57.80487	24.830993333333335	10.625572333333333	43.93501333333334	23.316086666666667	12.430039333333331	119.68304333333332	8.810259333333333	16.852243333333334	29.04772	14.40228633333333	5.118649666666666	57.99541333333334	20.13936	17.44059	95.86616666666669	12.733267666666668	12.17271	48.02600666666666	12.362156666666666	7.779637999999999	22.572966666666662	19.6247	11.769109666666663	84.76294	7.708044333333333	8.470287666666666	2.0315173333333334	2.4102983333333334	49.99434
ENSMUSG00000033488	2.375915	3.773476666666666	2.0877735	2.218375	2.7483445	4.480564	0.0	2.984456	6.120501999999999	0.0	4.805202	6.168469333333333	11.43904	3.761791	5.828465066666666	0.0	1.6617876666666669	7.444549666666666	1.50177295	2.7609544666666666	6.487406333333333	4.889587666666666	0.30737093	5.562381299999999	1.03541875	0.9520192333333334	2.130746	0.6040377	3.585937	5.282743	2.8043026666666666	0.5166558666666666	7.509864	1.0494597	3.327555333333333	3.23939
ENSMUSG00000102433	1.26417175	4.7732410000000005	5.320926	0.0	0.0	0.9662131	0.0	0.0	0.0	2.90117475	2.9830203333333336	9.686627333333334	0.94128935	0.0	11.7411305	0.0	0.0	4.119480333333334	5.463867666666666	1.327813	2.6270185	5.878372000000001	0.0	6.743116666666666	0.0	0.0	3.904616666666667	0.0	0.3718425	4.617450333333333	1.4492225	0.0	3.798781	0.0	1.6559504333333332	0.0
ENSMUSG00000034612	0.2582013133333333	1.118146366666667	3.897826666666667	4.422747966666667	1.7352906666666668	6.723967333333333	0.0	2.235192956	2.988965906666667	1.520943	2.0588576666666665	2.4313653333333334	0.68632763	5.1428226666666665	4.845332999999999	0.0	2.6735526666666662	2.610345666666667	0.0	2.365049	2.9320083333333335	3.0326850000000003	7.0667903333333335	3.4797453333333332	1.69111935	0.7388701666666666	4.607515333333333	0.01362247	2.2159937666666667	2.874506333333333	2.1012812333333333	7.822067333333334	4.736510333333333	0.8820271000000001	0.7448739	0.0
ENSMUSG00000071072	59.76533	48.14204333333333	35.52062333333333	58.116733333333336	36.81637	33.522870000000005	75.81897666666667	45.880983333333326	34.42127	30.67141666666667	27.656243333333332	24.201790000000003	42.38609	37.16650666666667	31.65822	45.93073666666667	34.44520666666667	23.17329666666667	42.02822333333334	47.89346666666667	33.18696333333333	44.23399333333333	55.52746	31.6655	48.39236	71.25760666666667	43.706529999999994	44.97119	35.96799	28.571716666666664	51.53432333333333	57.6354	26.241823333333333	67.96562	44.89743333333333	55.647414999999995
ENSMUSG00000009079	29.601413333333337	30.053516666666667	16.543373333333335	39.582600000000006	20.134303333333335	21.79866	72.10853	45.623266666666666	38.09324	25.383930000000003	20.21858333333333	14.926850000000002	25.731903333333335	18.894546666666667	15.66539	51.28432333333333	41.27112666666667	21.944446666666664	29.17891	21.42334	15.060429999999998	24.29974	29.78055	16.795796666666664	50.74588666666667	33.02670333333334	15.403303333333334	23.978493333333333	26.76850333333333	15.181019999999998	22.00515	30.639163333333332	15.882266666666666	42.22177	30.93399	67.784165
ENSMUSG00000020176	8.363447666666666	9.515206666666666	11.94251	0.033525715	1.435138536666667	0.5690023333333333	5.459769333333334	7.377703	12.0902	5.434425666666667	9.922349	15.827089999999998	1.6030559999999998	0.0794514766666666	1.7270559333333335	6.8502089999999995	8.287697333333334	12.509456666666669	5.166748666666666	16.779630666666666	13.328413333333332	0.2818133233333333	0.6549077	8.052545	5.994570333333333	7.595068666666667	18.33334333333333	8.282053	10.635619333333333	12.87929	0.19853417	0.1780382533333333	0.2468867166666667	9.859039333333332	10.147496666666669	4.091722
ENSMUSG00000018572	34.81090666666667	16.63112	8.158704333333334	22.044556666666665	11.264516666666664	11.562863333333333	20.7437	12.26432933333333	10.022874333333334	16.618513333333336	9.797243333333334	10.616711	16.402763333333336	17.92968	14.74206	14.004230000000002	9.669760333333333	7.196096999999999	15.988843333333335	8.015950666666667	6.881481999999999	19.91995	16.853983333333332	11.454416666666669	13.13291	11.379066333333332	12.102646666666669	17.221159999999998	7.585979333333333	5.934223333333333	20.215113333333335	23.048286666666662	11.130836333333333	10.481480333333332	6.951281333333333	15.21531
ENSMUSG00000040483	5.779588	8.526882666666667	19.914233333333332	4.0274540000000005	4.584107333333333	7.857085666666666	0.8062595666666666	2.4443449886666664	3.883604333333333	10.280202	15.055097666666668	30.254806666666667	11.857916666666666	11.478346000000002	22.819403333333337	2.6623875	2.4680839999999997	14.71008	13.00752	11.370696	16.376303333333336	9.033206	8.924394333333334	19.680586666666667	3.807940666666666	3.627236	13.498506666666666	4.112282	10.726277333333334	15.3813	15.464459666666665	16.42819	19.622106666666667	1.394915033333333	3.2257743333333333	1.402517
ENSMUSG00000009185	87.52659333333334	60.00323666666667	386.4727666666667	12.487880666666667	2366.56612	1384.8428333333334	2.876041523333333	26.818933	157.8422523333333	129.57489	115.18467	250.53296666666665	3860.8086666666663	456.1204333333333	7878.220666666667	3.7110199666666666	10.617333666666667	201.07346	158.77810333333332	58.78085333333333	559.9084166666667	14023.713333333331	387.3160003333333	3531.064	16.500784333333332	105.02540666666668	1301.4307333333334	102.26885333333333	27.02458	323.1004	2613.8903333333333	17.710759033333332	1162.1967	5.115864800000001	135.03097233333332	2.9546615000000003
ENSMUSG00000020863	16.972573333333333	14.361966666666667	8.451579666666667	11.245946666666669	11.973416666666669	9.386506666666667	19.33020666666667	20.186983333333337	13.063754	11.451036666666669	10.183624333333334	6.775012	13.206969999999998	17.459203333333335	8.253558666666667	18.52089666666667	20.636976666666666	10.859952666666668	9.895512666666669	12.027343	7.135513333333333	9.974796333333334	18.808376666666668	11.526899666666663	17.30683	14.337746666666668	15.37357	10.445292666666669	8.347679	6.340688333333333	15.855946666666668	25.132636666666667	6.4035866666666665	14.182250000000002	12.527593333333334	21.817175
ENSMUSG00000004040	89.92866666666667	55.11372333333333	25.302066666666665	42.74247333333333	50.36069666666666	35.92482666666667	56.237973333333336	30.872246666666666	26.093196666666667	41.58492666666667	22.45693	20.308733333333333	30.727676666666667	22.819730000000003	19.411443333333334	48.99670666666666	27.45332	21.679183333333334	57.11927666666667	23.95607	20.39549	33.12225333333333	42.13954666666667	18.595136666666665	69.20172666666666	15.59037	16.75442	44.288423333333334	26.18212	21.087643333333332	38.578846666666664	76.52898333333333	17.12942	14.29536	13.238923333333332	81.163195
ENSMUSG00000097487	1.0857012333333331	0.9751384333333334	1.5712558	0.0	0.3176945	0.5329094333333333	0.0	0.27487974	2.782758	0.4482157666666666	2.3985083333333335	1.6739943333333331	0.5249728	0.0	1.7023768333333331	0.93904985	1.6677989333333334	2.6359033333333333	0.5709848333333333	2.924313	2.2748826666666666	0.5164884266666666	0.58008258	1.8541006666666668	1.7839619333333332	1.334723433333333	3.518736666666667	0.96614395	2.0780833333333333	2.1023723333333333	0.5864804766666666	0.0	1.1917368666666666	1.580169733333333	7.284002666666666	0.7796271
ENSMUSG00000075420	0.0	2.9442579999999996	0.7078525	0.0	0.0	0.7784792	0.0	0.0	9.72437845	0.0	0.0	0.46963012	2.3977093000000003	0.0	0.4505803	0.0	0.0	0.0	0.0	0.55037733	0.2122085333333333	0.0	0.0	0.8356064533333333	0.0	0.5614913	9.408722	0.90582805	0.6730028	0.7850246	0.0	0.0	1.1395580666666667	0.0	35.791113333333335	0.0
ENSMUSG00000025135	5.667974999999999	7.267151333333333	11.870380333333337	8.169187999999998	9.872673	11.742247999999998	5.507492666666667	6.3183560000000005	8.661447333333333	14.0724	26.163780000000003	21.037676666666663	10.270821	22.24378333333333	22.91782333333333	7.427219333333333	10.828121	21.501230000000003	9.762048666666669	18.491223333333338	17.614363333333333	10.872147666666669	11.899056333333334	19.07028	6.961925	9.481193666666668	19.26507666666667	9.730114333333333	15.10234	16.1661	9.200993666666667	8.465685	16.090883333333334	9.425931333333333	10.640673666666666	4.6832565
ENSMUSG00000035597	34.117963333333336	24.01104	18.762803333333338	32.223099999999995	19.616356666666668	20.148456666666664	45.87307333333333	40.48433666666667	27.774659999999997	32.08296333333333	26.734409999999997	17.26746	30.972873333333336	18.347506666666664	15.49821666666667	83.36304	43.89689333333333	33.61848666666667	26.016873333333333	16.108877333333336	11.164957333333334	23.882773333333336	18.968913333333333	9.720516666666668	50.46419666666666	27.764436666666665	10.077594	26.929963333333333	21.723386666666663	12.470606666666669	24.891206666666665	20.827883333333332	13.280336666666663	26.402896666666663	24.874893333333336	67.851055
ENSMUSG00000010608	23.07702	20.86416	16.026176666666668	21.24580333333333	23.084736666666668	23.117716666666663	27.59633	26.042403333333336	19.554509999999997	21.915623333333333	15.979593333333332	15.21042	21.64488	20.125433333333337	17.46507	30.825626666666665	23.538066666666666	15.340883333333332	15.85555	13.63999	10.048235333333333	19.52935666666667	26.918576666666667	15.06062	25.33428333333333	16.507386666666665	15.63655	19.667293333333333	12.242176666666666	12.074579666666668	24.555713333333333	29.936246666666666	12.725873333333334	16.119296666666667	14.03118	28.28478
ENSMUSG00000002020	0.0	5.463844666666667	2.336904	0.0	0.0	0.0	0.0	0.0367156669999999	0.5652850666666667	1.27188925	1.9235153333333337	2.4013256666666667	0.0	0.0	0.7379090666666667	0.0	0.0	2.978253	0.0	10.264196	10.424062333333334	0.11701191	0.0	4.130277666666667	0.079516823	0.33586085	4.603915	0.0	6.130128666666667	5.014339666666666	0.01884274	0.0	0.0	0.0	1.1846129666666665	0.0
ENSMUSG00000066363	0.0	8.964952623333334	2.3211942666666667	0.0	1.6993857666666667	1.5437240333333333	0.0	0.0	1.943279	0.0	0.0	1.6192272633333331	0.0	0.0	4.728046	0.0	0.0	0.0	0.0	1.1443735	6.803347666666666	5.9525673333333335	0.0	1.1148207	0.0	0.0	0.9576304666666666	0.0	0.922589	2.6038783333333333	0.0	0.0	0.4254182333333333	0.0	0.0	0.0
ENSMUSG00000021196	41.03164	21.80181333333333	11.040717333333331	52.504079999999995	25.96547	26.641846666666662	39.90430666666666	21.582384	30.780573333333333	40.820726666666665	20.420273333333338	10.736293666666668	21.74325333333333	16.38796333333333	13.460946666666668	31.093716666666666	26.62092	19.312393333333333	41.43745666666667	17.025540333333335	12.139508666666666	20.102516666666663	19.9116	13.914633333333333	31.906256666666664	28.65155333333333	10.357995	30.26259	20.35557	14.175553333333337	21.171850000000003	24.74766	14.393456666666667	21.029413333333338	17.462680000000002	31.411875
ENSMUSG00000018102	78.85343333333333	514.9271666666667	751.0532333333334	85.98073	294.1973	565.3999	43.826640000000005	297.75646666666665	745.2202666666667	89.68418333333334	402.41273333333334	389.4301333333333	254.82319999999996	215.6764333333333	392.9532	19.504659333333333	229.04116666666664	562.255	110.60384333333332	430.67896666666667	463.9218333333333	331.1965333333333	135.96103333333335	401.37353333333334	71.66227	158.23612333333332	400.81463333333335	100.61552333333334	420.1329666666666	412.83183333333335	230.26803333333336	87.73931666666665	252.2302	185.69683333333333	339.7819666666667	44.705973
ENSMUSG00000006717	27.887313333333335	42.01106666666667	49.95802666666666	34.42522666666667	38.018519999999995	68.67738333333334	16.048939	22.25072	68.82118	41.160246666666666	49.59780333333333	65.99826333333333	111.14381666666668	123.94013333333332	146.72777333333332	19.005678666666668	43.67037	61.010693333333336	35.23578333333334	42.67445333333333	49.19784000000001	90.60010333333332	47.42695333333333	78.6302	23.407870000000003	29.03409666666667	55.75017333333333	33.578786666666666	47.94145	45.142623333333326	69.02019	34.13644	96.24322	40.29192666666667	60.906486666666666	16.975524999999998
ENSMUSG00000057762	2.1854896666666668	3.2926629999999997	4.992696333333334	3.788795	3.4003623333333337	3.538612	0.7800676666666666	2.513946	3.514477666666666	4.032635666666667	6.325968333333333	6.055426	1.558559	4.5307553333333335	3.984251	1.2906123333333337	4.401731666666667	5.922317	2.7405406666666665	5.833431	5.133389	1.4150660000000002	1.4852931333333332	3.8099823333333336	2.040419	6.220774333333334	2.854634666666666	3.805878666666667	6.435867666666667	6.609469	1.909749666666667	0.5541804	5.920252333333333	5.707370999999999	5.9058063333333335	1.01412905
ENSMUSG00000021643	1.9099453333333336	14.081445	37.10239	2.1850183333333333	4.210442400000001	4.482801666666666	0.9124605166666666	13.573474	19.66118	11.229414333333333	33.73285333333333	55.19933666666666	2.157315666666667	5.062402333333333	11.121123	1.0487424	21.472606666666668	39.71903	8.330271666666667	24.760943333333337	22.90565	3.2478933333333337	2.174325366666667	12.528744666666668	3.9595726	8.093147666666667	18.929366666666667	12.907783333333334	18.198496666666667	29.49113	4.874796333333333	0.41213025	3.0073303333333334	10.121464333333334	19.20000333333333	1.775331
ENSMUSG00000032745	90.11612666666667	61.33745666666667	59.9044	85.90325333333334	55.30137	49.03052	88.85848666666665	69.30658666666666	53.61994333333333	75.36243	62.64828666666667	49.57223666666667	55.911863333333336	38.585703333333335	39.173836666666666	86.10563666666667	68.5167	63.48959666666667	77.36448333333334	56.62256333333334	44.10409000000001	58.121543333333335	61.107843333333335	39.55776666666667	89.17126666666667	58.47014333333333	38.76064	82.30160333333333	63.419716666666666	47.51339000000001	59.682453333333335	67.73708333333333	38.69433	58.129153333333335	54.262163333333326	91.539515
ENSMUSG00000021807	39.81393333333333	64.47343666666667	90.80907333333334	36.041583333333335	71.164	85.73425333333334	54.302863333333335	89.66199999999999	89.15820000000001	52.66658666666667	95.55034333333332	95.99332333333332	56.17693666666667	88.96386	103.22582	60.98842333333334	87.29114333333332	113.76456333333334	56.00828666666666	124.80563333333332	112.17160333333334	64.17159	61.66658666666666	86.80722666666668	55.25818333333333	95.65359	91.74716666666669	49.79987333333333	114.1391	104.38561333333332	52.51713	61.03992333333334	95.36295333333334	105.0264	120.2867	38.348425
ENSMUSG00000049960	23.33051	47.952986666666675	49.89536	33.60096	37.32676000000001	43.759260000000005	16.160892	34.34571333333333	37.29184333333333	28.443186666666666	78.19512333333334	62.82409333333334	23.278720000000003	52.65492	89.21783	23.74622666666667	54.328210000000006	67.50613666666668	34.64213	93.05919666666668	95.74016333333331	36.38838333333334	30.75451	56.35489333333334	34.443490000000004	85.97313333333334	67.91421000000001	31.60514333333333	77.81183333333333	83.63073333333334	31.731686666666672	25.119093333333335	62.227673333333335	85.70355333333333	98.28269333333331	19.3201465
ENSMUSG00000021917	110.42683333333332	183.24986666666663	308.18059999999997	139.4695	186.34350000000003	241.63123333333337	94.09878666666668	169.58446666666666	209.8116	199.56139999999996	291.51933333333335	311.2092333333333	163.20173333333332	255.68186666666665	291.4549	157.7491	203.58646666666667	329.11786666666666	133.57813333333334	291.1620666666667	277.62553333333335	172.0824	125.76876666666668	246.5377	111.63613333333336	110.11908666666666	223.9917	168.95586666666668	260.1433666666667	284.8530333333333	138.63663333333332	147.3991	245.4678	124.49706666666668	209.71026666666668	113.35905
ENSMUSG00000021967	8.841898333333333	18.483989666666663	21.925573333333332	15.15225	20.047696666666667	15.905870000000002	10.203347	21.575788333333332	18.663556666666665	14.414296666666663	24.370136666666667	27.267173333333332	21.8573	20.051376666666663	33.88497	17.343273333333332	25.128743333333333	24.419756666666668	12.111037333333334	29.76883666666666	27.95902	19.568696666666668	24.92081	25.66425	11.517188	25.231769999999997	36.972296666666665	13.79693	23.6525	24.238253333333333	20.946536666666663	15.855796666666668	25.55825	27.477376666666668	35.778933333333335	12.3689405
ENSMUSG00000021928	5.565008333333334	11.978233666666666	18.69745	4.901304666666667	6.945609	12.070813333333334	1.82246965	2.36402417	6.045368333333333	11.683490666666666	22.662646666666664	32.23252333333333	7.061824000000001	18.73965	25.68254333333333	4.733790666666667	5.028236	24.169480000000004	10.696229333333337	21.86925666666667	19.134326666666663	9.952337	5.084857666666667	22.53685	7.45216	5.197806666666666	18.109116666666665	15.81966	15.8607	23.222306666666668	12.673106666666667	2.880314666666667	17.211723333333335	5.1977546666666665	6.736916666666667	0.9889995
ENSMUSG00000039065	0.8503036	1.4945726666666663	1.9554916666666664	0.5294649966666666	0.5147859333333333	0.6909385666666666	0.454559275	0.7967718333333335	2.3429585	1.0272670333333334	2.0214996666666667	2.3323863333333335	1.2136582	1.2500550666666663	1.731391	1.5190859666666665	1.999131	1.5567525666666666	1.2252862666666668	3.029765333333333	3.997674	1.2994731	0.0	3.5315049999999997	0.8320586666666666	1.5134633333333334	2.727039333333334	0.8912887666666668	2.594348666666667	2.2889073333333334	1.4430274533333336	0.9885526333333332	2.945904	1.3153766666666666	3.6847103333333338	1.109102
ENSMUSG00000054196	0.6804526966666667	300.44086666666664	474.94066666666663	0.29402975	139.94042126666668	8.314950666666666	0.13851615	3.4772685666666665	63.56672923333333	3.037613333333333	935.5395666666668	1364.9309999999998	0.0	2.7906983333333333	85.51328000000001	0.1848229	2.1520770466666668	954.4613	2.014923	581.2184333333333	565.1646333333333	0.0	0.3859193999999999	231.21073333333337	0.0	2.5614064666666665	230.52266666666665	2.5083829333333334	948.1096666666666	926.8255	0.0	11.132604196666668	0.5455316666666666	12.858316333333333	164.55982666666668	0.3053043
ENSMUSG00000022440	0.7245298	7.752584	24.258123333333337	0.39816755	3.3420846333333336	2.156378	0.0	0.8498702666666667	2.3059915	2.463111	18.317246666666662	29.9301	2.1730995	0.4437408949999999	3.0433915499999995	0.2446697399999999	0.5733551666666666	20.76541	0.8806909333333334	24.127296666666663	21.95666	1.255845	0.6800896666666666	11.950924	0.0	0.4492755666666666	11.539023333333333	3.345658	17.802386666666667	24.48969	1.008131	0.0	0.8271564	0.8575265999999999	4.949123	0.0
ENSMUSG00000068220	819.9930333333333	2083.177	2084.281333333333	871.4826666666667	1293.8844666666666	1630.8733333333332	405.63196666666664	1751.7686666666668	2394.107	1169.986	3319.404	2193.1386666666663	1591.4496666666666	1753.8893333333335	3085.021666666667	701.5667	2453.3566666666666	3015.5139999999997	1256.7143333333331	4266.144	3552.133333333333	1767.9013333333332	876.2120333333334	3415.67	1389.5327666666665	4200.416666666667	3550.3746666666666	1115.5197666666666	3774.19	3102.148333333333	1327.6436666666666	802.4952666666668	3834.5963333333334	4924.871666666667	5351.057666666667	755.07425
ENSMUSG00000022858	68.22307333333333	62.517140000000005	45.636626666666665	36.19605	41.55251	36.50392	81.24313666666667	41.46653	28.61827666666667	53.65561666666667	44.530316666666664	41.976463333333335	41.78864333333333	31.19861	27.14793333333333	69.21593333333334	41.68514	37.73367666666667	56.193176666666666	36.705803333333336	29.06416	34.269110000000005	42.412926666666664	29.65789	56.938876666666665	42.87739666666667	31.17016666666667	53.28796	35.07114333333333	33.71014	43.2403	45.60229	23.959663333333335	41.01690333333334	29.46735	76.2156
ENSMUSG00000071533	10.729073333333332	14.38957	8.495852333333332	10.363421666666666	10.460677333333336	8.948536666666667	16.355583333333332	13.633726666666666	11.497847333333333	7.569894333333333	8.396793333333333	7.598001333333333	10.770078333333332	10.472245333333332	8.488354666666668	12.841263333333336	11.243830333333335	8.383354	10.860674666666666	12.39089	9.818381333333337	9.694391666666666	11.237173666666669	9.572802333333334	11.462723333333336	13.756416666666668	9.674773333333334	9.580694666666666	9.364736666666667	8.473848666666667	10.821351	10.569788333333332	6.111948000000001	12.02082	9.713858	12.11366
ENSMUSG00000022935	0.11347109	0.0	0.9004459333333333	0.0	0.0	0.0	0.0	0.0	0.3064288033333333	0.0	0.05611804	1.03326755	0.0578530249999999	0.0	0.0	0.0	0.0	0.305894695	0.0	2.1286069999999997	1.1664728999999998	0.15994465	0.0	1.4560031000000002	0.0	0.0	0.4393528066666666	0.070233035	0.3763136	0.6151215999999999	0.0	0.0	0.5624608	0.0	0.132900785	0.0
ENSMUSG00000039929	1.6430116666666663	2.2178256666666667	1.7877492666666666	0.4680038100000001	0.7674579666666667	0.5324718	7.549039666666666	4.391665000000001	1.1696713	1.0864011333333332	1.270312	0.7242959	1.0541763666666666	1.1546786666666666	0.24515233	4.309769666666667	1.8163733333333336	0.4339143733333333	1.3398731666666668	0.791043	0.6831229666666667	0.8968374999999998	0.2549957599999999	0.2199864333333333	3.284893333333333	2.168061	0.9881433666666668	1.1558236	1.0395179333333333	0.9621919666666668	0.5456777	0.5197914666666666	0.66791	1.5925186666666669	0.4373575	4.927741
ENSMUSG00000096255	1.5324353333333331	3.4212146666666663	7.60615	7.154073333333333	6.162205	4.431652333333333	0.77736055	2.205849666666667	5.168449666666667	4.840542999999999	10.478708666666668	10.081302333333332	6.544837	8.3858	11.228762666666666	0.8209938666666666	5.780671333333333	9.211348333333332	4.066486333333334	15.57014	16.10714	5.393203	5.587592333333333	13.79581	1.8228711333333332	5.165188666666666	10.298279333333332	4.242881333333334	9.964935	9.48906	3.4193313333333335	3.950535666666667	10.407139333333332	6.137691	8.381797666666666	1.208041
ENSMUSG00000023904	38.71548333333333	63.562266666666666	101.91476	37.375373333333336	42.33417	75.09543333333333	16.083346666666667	32.78480666666667	46.32756666666666	86.67551333333334	137.26826666666668	166.3117	61.56689333333333	78.11161333333332	127.62891	37.266713333333335	43.25084	117.87293333333332	65.42881	119.31493666666664	107.02320000000002	61.95402000000001	30.889813333333333	113.42216666666666	59.16660666666667	46.885369999999995	96.03289666666666	70.29387	102.47229666666668	113.04573333333332	50.63988333333334	39.786	84.69179333333334	53.29969666666667	101.81676666666664	19.29005
ENSMUSG00000071172	96.77599	110.91792	52.71317666666667	68.26764999999999	65.48251	49.799393333333335	170.8783	96.88372333333332	55.015276666666665	112.6421	73.36985333333334	43.90237333333334	55.92704	65.15118	45.32963666666666	142.71113333333335	95.23624	62.01241	86.37376	68.90103666666666	48.85185666666666	44.95838	50.12676	39.65663333333334	107.45129	95.79631333333332	50.06780666666666	81.39421	55.71258	37.12969333333333	53.46200666666667	56.24442	41.945863333333335	90.71429	75.20072	133.3117
ENSMUSG00000052712	6.768059333333333	12.277263333333332	15.340623333333332	8.197559333333333	7.173104333333334	17.613133333333334	5.281071666666667	7.900680666666667	12.521188666666664	10.804635	22.008999999999997	22.85598	14.443476666666667	10.468866	16.208233333333336	6.932301333333332	10.913245333333334	20.790563333333335	8.883825	18.98835766666667	21.00433	14.264753333333331	5.503837333333333	15.031552666666668	7.779527333333334	8.684965	10.731445	12.469770000000002	24.07147	23.42188	8.170674333333332	5.019915	21.733	8.624697666666668	14.56026	2.998203
ENSMUSG00000024012	9.569349666666666	35.512859999999996	35.895693333333334	5.5854056666666665	10.993089333333335	8.676312999999999	5.992780333333333	23.847164333333335	20.542213333333333	10.009612333333337	19.644416666666668	31.17216666666667	8.820016666666666	9.934313666666666	12.268185333333331	4.547216333333333	13.357707666666668	21.22774	14.29135	23.940186666666666	24.394139999999997	8.560370666666666	23.52689666666667	24.875109999999996	4.450664333333333	8.286031	37.34294666666667	18.99975	13.961953333333334	25.116110000000003	10.570080666666668	18.685443333333335	10.751511333333331	14.805496666666668	21.567053333333337	3.921679
ENSMUSG00000024038	21.73774	28.38890333333333	41.38907666666667	31.222916666666663	33.16583000000001	54.05380333333333	9.738195666666668	16.605673333333332	33.47604	43.69735333333333	52.55721666666667	57.80020666666667	34.786006666666665	58.95029666666667	73.08051	15.526143333333332	27.563303333333337	51.37834	33.524606666666664	45.61503	49.062999999999995	38.5507	40.20461666666666	66.44425666666666	17.92175333333333	19.25746	54.39536999999999	35.84892	40.87569666666666	49.27973	29.63564333333333	52.63864	57.27756333333334	19.47432	32.953570000000006	12.298694
ENSMUSG00000049760	46.335710000000006	70.74562333333334	105.51119666666666	73.15039666666667	85.36001333333333	112.77602000000002	63.63869666666667	53.11650666666667	85.45835666666666	74.92232	96.51239666666667	113.52476666666666	78.42199000000001	113.60889666666668	147.86944666666668	72.38177	93.58849	115.13988	58.93869	107.97747	116.68043333333334	99.83656666666668	85.76318666666667	113.37206	66.49449	81.48362666666667	118.95006666666669	61.76315333333334	103.85404	106.5912	80.47372333333334	87.79286	121.80393333333332	81.15159999999999	112.50013333333334	50.246595000000006
ENSMUSG00000002379	20.510546666666663	31.884183333333336	42.30247666666667	48.14275333333334	63.85133666666667	64.55551666666666	21.769086666666663	45.17949333333333	48.29833333333334	45.75236	47.02588666666666	54.02030333333333	42.00795666666667	69.13615	75.22348666666666	34.839059999999996	47.173563333333334	52.36658666666667	35.323433333333334	58.05098999999999	50.295763333333326	44.699693333333336	62.74667666666667	64.05109	34.1081	40.57794666666667	71.53088666666666	37.582143333333335	45.95846333333333	53.80043333333333	35.62208333333333	69.33832666666667	61.915686666666666	48.2214	63.10044333333334	22.772979999999997
ENSMUSG00000024095	9.061096333333332	9.192343	4.120768666666667	5.7182043333333334	4.176920666666667	4.243832666666667	15.923643333333333	6.574898333333333	5.832216	5.506387666666666	5.344773666666666	4.540684666666667	8.183612000000002	6.524741333333334	4.970707	8.872583333333333	7.572240999999999	5.1697353333333345	9.043886	8.114819666666667	6.935094666666667	7.847740333333334	7.370652	5.309667666666667	9.061675666666666	13.093393333333331	5.693402	7.415038666666668	6.079010333333333	5.754117666666667	9.154019	11.051834333333332	4.640765333333333	10.342419333333334	7.225435666666667	16.1737775
ENSMUSG00000024097	391.4198999999999	458.1067666666667	223.4962	174.9103	273.9884666666667	217.08333333333337	702.8415999999999	361.03086666666667	195.49263333333337	472.2401333333334	307.1268333333333	213.74296666666663	259.3979	189.35236666666663	188.79896666666664	751.8806333333333	384.2323333333333	243.55373333333333	343.10623333333336	190.1349	187.15376666666668	184.37693333333337	186.24136666666664	140.28316666666666	495.5979333333333	244.17506666666668	151.4153	319.69846666666666	166.95990000000003	152.81596666666667	182.9345	185.4545333333333	125.2832	199.36029999999997	137.19613333333334	634.5931499999999
ENSMUSG00000057440	18.47095333333333	10.521717	6.964616333333333	19.90954	12.522876666666669	17.66171	61.39579999999999	16.47832	3.177381333333333	14.802591333333334	5.836731	2.272816666666667	10.854221666666668	18.437023333333332	10.519615	64.90696666666668	8.460621	4.041758333333333	11.006670666666666	2.947800666666667	3.781409	14.399036666666667	15.479816666666666	7.293441	53.80326	11.292689333333334	6.527126	12.37358	4.152610999999999	3.3373106666666668	6.925699666666667	26.04902	9.036286333333337	4.011450666666667	1.6861324	61.47112
ENSMUSG00000005873	35.08915	44.533723333333334	54.64404	49.36699333333333	49.44898333333333	57.22058666666667	8.390697333333334	12.465432	30.079423	41.159886666666665	76.86902333333335	63.39028666666667	30.586896666666664	70.43992	73.39659999999999	13.175086666666664	23.62376333333333	63.77609666666667	33.35216666666667	117.47476333333331	82.19428333333333	41.7594	57.99782666666666	87.12138333333333	12.772036666666663	23.217120000000005	75.23122	31.35234	90.64821666666668	77.28698333333334	40.55388666666666	44.26799	76.93966666666667	21.943933333333337	46.545006666666666	6.3015265
ENSMUSG00000024360	213.26553333333337	156.3016	124.40643333333333	167.67923333333331	124.10236666666668	131.70613333333333	237.62526666666668	158.9844	119.03486666666667	167.96446666666665	105.60496666666666	93.2273	163.8772	89.33472666666667	92.86287333333333	211.8201333333333	121.4013	104.48216666666669	142.28483333333335	117.82296666666667	93.00486	138.29683333333332	135.05499999999998	103.21561	166.22106666666664	143.77596666666668	104.48753	144.4193333333333	105.80040333333334	95.45101666666666	152.6346333333333	97.65390666666669	98.27251333333334	124.04006666666668	88.06659333333333	239.36325
ENSMUSG00000024869	0.4833260333333333	1.250012	1.7811130000000002	1.1428908666666666	1.1295605999999998	1.903526333333333	0.6499143000000001	1.0625595333333333	1.876828	0.5629896333333333	2.5836850000000005	2.226317333333333	1.087329	1.3076656	2.35242	3.781691	3.064194666666667	2.6271643333333334	0.7770015333333333	1.552644666666667	2.2757506666666667	1.5287313333333332	0.6570635333333333	1.7672396666666668	1.5447369333333334	3.1564406666666667	1.5665283333333335	1.1487546666666668	1.2602486666666668	1.8318133333333335	0.9153664666666668	1.1050352	1.6611656666666663	2.648477	3.4636566666666666	1.349308
ENSMUSG00000024845	6.446980333333333	9.458842333333331	12.532263333333333	8.665906666666666	9.518228333333337	12.406836666666663	5.1238676666666665	4.869229333333333	10.817903333333334	12.103106666666667	18.493303333333333	19.322666666666663	8.062377333333332	18.305316666666663	16.89412	10.111432333333331	10.13693	16.546113333333334	10.128818333333331	12.388613333333334	14.747233333333334	10.484056	7.303354666666667	13.705847	7.912811333333333	10.756739666666666	10.977842333333331	9.959757666666668	13.717563333333336	15.215686666666668	7.776707000000001	10.128107666666669	16.190803333333335	11.17679	13.704519999999995	5.7698945
ENSMUSG00000036372	49.034333333333336	84.66967666666666	121.62383	90.93097666666664	91.37092666666666	93.67199666666666	26.58062666666667	52.43303666666667	77.71373999999999	81.67975	143.81583333333333	153.10856666666666	90.54659	85.71823	131.20828666666665	43.22418666666666	81.28937	143.70493333333332	67.97109	182.7362666666667	159.3252	102.50843666666668	99.44327333333332	117.82176333333332	42.961166666666664	72.01736	125.82346666666668	79.63512333333334	171.8011	160.8456	87.52834333333332	113.69683333333334	101.61894	77.81740666666667	120.242	36.70249
ENSMUSG00000024754	3.5608206999999994	2.951507666666666	6.825864333333333	2.797307333333334	4.439520666666667	5.244297666666666	2.5211465	0.7734952	5.974750666666666	1.5719623333333337	2.6508133333333332	5.117302666666666	9.588035666666668	7.324415333333332	6.819884333333333	0.6436684166666666	0.4157093	5.410484666666666	1.4913550666666666	6.751558666666667	6.886752333333334	9.256933333333334	14.263536666666669	13.598839666666668	1.6605952333333336	1.4346978666666663	13.674316666666664	1.6158476666666666	4.960194666666666	6.806501333333334	7.287210666666667	15.741913333333336	5.4782476666666655	1.9597883333333332	4.208510666666666	1.07430205
ENSMUSG00000045104	0.0	1.6676735000000005	1.663745	0.0	0.8492813	0.0	0.0	0.6115936	0.0	0.0	0.0	2.4212956	0.0	0.2200205	1.0766105	0.4481996333333333	0.0	0.6094435500000001	0.0	0.0	1.9393543666666668	0.0	0.0	0.520436	0.5404867999999999	0.7063633	2.4843745	0.0	0.5855446333333333	1.0381243333333332	0.0	0.0	0.9230898	0.25921045	0.9780929333333336	0.0
ENSMUSG00000041035	3.741585	5.476588666666667	9.134824	4.445433	4.820031666666666	9.887305333333332	2.491122	7.583038333333333	4.057106999999999	8.506929666666666	12.251136666666667	12.879040333333334	9.485862666666666	12.740983333333332	16.250383333333335	2.286934	6.056839666666666	11.290213	5.6272459999999995	18.232701666666667	14.06521	10.638855333333334	3.877521	17.993263333333335	6.303417333333333	10.294990333333333	14.234973333333334	5.364082	10.952284	10.998513333333332	8.117414000000002	7.482259666666665	17.87965	8.260528666666666	8.902719333333334	4.398082
ENSMUSG00000051154	13.17953	40.090286666666664	48.981786666666665	14.350853333333331	22.269746666666663	34.68888	14.049467	37.778650000000006	62.37301666666667	33.256573333333336	65.06390666666667	78.65670999999999	41.767109999999995	35.98690666666667	74.06298	16.920096666666666	61.87276000000001	68.38849333333333	31.716183333333333	68.80461333333334	62.6694	44.76842666666667	16.94047	56.169846666666665	22.34399666666667	46.10685	54.32808666666667	30.771043333333335	60.183793333333334	58.09763999999999	30.435086666666663	13.366689333333332	66.10957666666667	54.68364666666667	85.65140000000001	17.097835
ENSMUSG00000044627	20.47773666666667	36.62282666666667	39.96544	21.83969	23.00288666666667	27.904823333333336	31.65365	31.59411	30.73457666666667	36.858826666666666	44.46247666666667	43.79913333333334	22.165283333333335	26.368323333333333	32.162663333333334	28.690886666666668	34.764230000000005	45.94559999999999	29.311436666666665	66.74955333333334	51.94958666666667	22.40693	29.705203333333333	38.25934	29.98061	32.28875333333334	37.075426666666665	30.698310000000003	59.62134	55.57304	19.02002333333333	20.81508	31.519386666666666	35.14194666666667	45.15475333333333	26.32143
ENSMUSG00000039195	2.522594	4.7380233333333335	10.712111666666669	6.213702333333333	10.056326666666664	12.032586	1.6915386366666667	6.004783	10.086424	8.980096333333334	8.108840666666667	11.965155333333334	5.9097403333333345	9.166502	12.296491333333334	0.42353	6.62225	11.317419999999998	3.860405333333333	5.477142	6.99384	7.136594666666667	5.804711999999999	9.971799666666668	4.205088333333333	10.193513666666668	9.966246333333334	6.644030333333333	6.056329000000001	9.772207000000002	7.303656	7.914778000000001	12.154182333333331	12.748873333333334	21.827766666666665	1.0648538
ENSMUSG00000027022	0.0	0.0	0.0	0.0	0.0	0.0	0.0	0.0	1.1573756	0.0	0.0	1.2364319333333331	0.4403928	0.0	0.0832053066666666	0.0	0.0	0.0	0.0	0.0	0.18404659	0.0	0.0	0.0451415973333333	0.0	0.0	1.519197666666667	0.016699945	0.0	0.15734467	0.074549685	0.0	0.1055086433333333	0.0	8.95491	0.005716441
ENSMUSG00000085135	0.0	0.0	0.9437970666666669	0.0	0.0	0.0	0.0	0.0	0.0	0.0	1.792694	0.7771837333333332	0.0	0.0	1.134499	0.0	0.0	0.9330463	0.40341165	0.0	1.0735443	0.0	0.0	1.1746960666666666	0.0	0.0	3.3299046666666663	0.0	0.53528432	1.3375722666666665	0.0	10.2559545	0.27273755	0.0	0.5682159666666666	0.0
ENSMUSG00000032679	0.5494198	0.0	1.6512972	0.0	1.35070145	3.5313575000000004	7.777188333333332	0.12154775	11.251232333333334	2.074818	4.6256854999999995	4.312560333333333	0.0	3.516760666666667	4.622808333333333	13.413623333333334	4.309384333333333	35.96186666666667	1.5342384	0.5863844	1.411658	0.0	0.0	4.416460666666667	16.131761666666666	1.9388582333333335	5.922007000000001	0.0	0.8473017	1.5929590000000002	0.260174005	0.0	4.280093	0.7405219333333334	3.6475943333333336	7.698993
ENSMUSG00000081967	2.0083607666666667	2.243742	2.7458145000000003	1.4358992666666668	2.3206846666666667	2.742172	2.728752666666667	3.425151	3.8976923333333335	2.8910739999999997	2.7376546666666672	3.604924333333333	2.446455333333333	2.745924666666667	6.354238	3.0565219999999997	3.634345666666667	3.398195	1.551364666666667	4.495477666666667	5.095116333333333	2.643551	1.4400726666666666	4.015834333333333	2.821434866666667	3.710769333333334	4.4717986666666665	1.8910474666666663	2.6335493333333333	3.875367	2.4895932999999997	1.5962953333333332	4.053486333333333	5.6250029999999995	6.560646666666666	1.4013055
ENSMUSG00000016921	52.16592333333333	58.025903333333325	36.84473	57.37041333333334	62.75457333333333	53.41802666666666	129.58096666666663	81.72951	43.81827666666667	44.87068333333334	55.96749333333333	44.30202333333333	46.71513000000001	51.89825666666667	34.97019666666667	108.10116666666666	95.53429333333332	57.05957000000001	42.098373333333335	57.89903	41.92244666666667	41.47015666666667	52.177576666666674	33.71238	98.74628333333332	77.64311666666667	39.53955666666666	45.95710333333333	48.44299	33.329010000000004	38.94515666666667	66.42663333333333	27.459023333333334	66.77264333333333	45.482229999999994	147.7286
ENSMUSG00000016356	0.0	0.1613929866666666	0.5730061333333333	0.0	0.0	0.201206005	0.0	0.0	1.3805183	0.0	0.135851325	0.5278101466666667	0.0582944549999999	0.0	0.1641919	0.13325776	0.0	5.1447095	0.0	1.22801955	0.1995944	0.0	0.0	0.38833995	0.0	0.0	0.4670936666666667	0.3509523	0.2717308	0.4193649	0.34746735	0.0	0.11671369	0.0	1.927886185	0.33560675
ENSMUSG00000027750	0.5018109666666667	458.4661966666667	1253.1180000000002	0.1814406433333333	108.53604233333334	10.8480917	0.62765156	27.662126666666666	359.10353333333336	61.88088000000001	923.8328	1804.3316666666667	3.903364	7.749743866666666	31.873345666666665	1.6376556366666666	99.32285333333334	2183.6846666666665	11.881710666666663	581.7564000000001	551.7671	1.0051339	0.3335314	106.65972666666669	1.5898043333333334	2.927680833333333	108.77788666666667	41.84035666666667	1166.0226666666667	1075.6295666666667	0.1221459166666666	10.816536366666668	1.0536274333333333	3.966943333333333	195.16403	2.8173457
ENSMUSG00000036632	14.668910000000002	22.681483333333333	32.11333	15.707336666666668	13.32423666666667	30.691323333333333	11.020235	20.620040000000003	25.180643333333336	23.438233333333333	44.95254333333333	43.35488	21.44244333333333	25.449253333333335	34.733106666666664	20.12742666666667	23.582933333333333	36.22414333333333	19.31526	52.74794666666667	48.59766	26.17089	14.10611	28.623296666666665	11.833873333333337	15.957683333333335	22.853606666666668	18.146296666666668	52.20163333333333	44.890883333333335	20.136633333333336	8.425961666666668	30.71012	17.282283333333332	24.887633333333337	5.363360999999999
ENSMUSG00000036353	0.0	0.0	0.1573846433333333	0.9973390333333332	2.953668	9.948584	0.0	0.0	2.7878668666666666	0.0	0.0	0.22932543	38.55308	10.595587666666669	27.596948	0.0	0.0	5.298049333333333	0.0	0.222606105	1.4523408333333334	24.833443333333335	5.70321425	16.016065	0.0	1.1055765	7.206281999999999	0.0	0.026711945	0.2144688033333333	28.553403333333332	0.0	24.47117	0.508054245	0.7045380333333333	0.0
ENSMUSG00000027829	101.01871333333334	110.52611666666668	42.093133333333334	35.6568	34.93267	34.17581	56.76450666666667	52.398876666666666	27.18602	90.22772666666668	48.707593333333335	39.43240333333333	64.13572666666667	41.663853333333336	36.51369	79.78728666666666	36.92225333333334	37.869233333333334	124.69295	48.28833666666667	38.502946666666666	55.11041666666667	63.08027666666667	44.75769	73.18183333333333	24.140199999999997	40.64516666666667	113.40991	33.741976666666666	40.92096	76.05568333333333	87.85431	33.328759999999996	18.641293	21.19003	114.48735
ENSMUSG00000028070	66.06609333333334	105.55495666666668	120.14298666666669	51.60655	48.966006666666665	101.32526333333334	18.677386	35.178956666666664	85.57008333333333	111.01805333333334	144.76456666666664	143.71163333333334	84.59209	80.29143	110.21745333333332	44.690686666666664	78.41100333333334	119.45702	116.5107	128.72196666666665	126.93146666666668	77.72507999999999	39.135933333333334	107.24418	53.03219000000001	53.021620000000006	73.17699333333333	94.97556666666668	124.9642	141.2318	64.02520333333332	45.04799	126.91297333333334	67.50933333333333	103.34513666666668	39.600115
ENSMUSG00000028053	18.42496	13.046954666666666	8.329150666666667	12.811152666666668	9.040402	7.524994666666667	13.682936666666668	11.960306333333332	10.526299333333334	12.64813	6.840388	7.571659	10.320036666666669	6.140758666666666	6.226978333333332	14.747183333333334	9.237745666666669	7.6240466666666675	15.25873666666667	6.044292333333334	5.953343333333334	8.196437666666666	6.867298000000001	6.237718666666666	18.741733333333332	8.891436666666666	6.232045333333333	17.028976666666665	8.06606	7.457583666666667	9.994184	8.460669333333334	5.803648666666667	7.741265666666667	7.172253	16.954535
ENSMUSG00000028111	175.39933333333332	304.8879333333333	882.6814333333333	8.032832333333333	75.22377233333333	84.09862333333334	0.149646625	2.024145766666667	99.74266666666666	383.54583333333335	622.8422666666667	1121.0356666666669	23.04898	50.367774	45.857040000000005	2.07087259	1.3198835	737.2760333333332	267.92890000000006	172.1739	301.76556666666664	16.542010666666666	10.646049666666668	76.79449333333334	20.66654	7.829105333333334	64.98767333333333	269.01753333333335	306.5150333333333	469.3215	12.819280333333332	18.219040000000003	34.10605999999999	3.2363722	74.49106333333333	4.650793500000001
ENSMUSG00000034437	32.69423666666667	26.472556666666662	16.335863333333332	28.70096	26.523296666666663	17.028673333333334	73.59137	37.94520666666667	16.601683333333334	49.59536	22.769113333333333	13.177086666666668	20.153446666666667	28.27765	20.307853333333338	67.07927000000001	35.60632333333333	21.04229	27.59512666666667	24.09763	18.708856666666662	15.18677	17.11877	16.443996666666667	40.42267333333333	43.366373333333335	17.379953333333333	31.723076666666667	18.884106666666668	13.02209	20.446413333333336	15.530926666666668	19.538973333333335	41.29244666666667	28.254166666666663	51.617525
ENSMUSG00000028037	0.4766516249999999	0.7665595113333334	6.357056	0.8729662499999999	1.99812675	1.670942666666667	0.0	0.0	0.0	0.0	2.439611033333333	6.612695666666667	0.0	0.3967183666666666	5.0123033333333336	0.0	0.0	1.8063026666666664	0.07805453	3.9833313333333336	5.910261333333334	3.333128933333333	4.908209333333333	6.506916333333334	0.0	2.889764533333334	5.859306666666666	0.0	5.036476	6.856890333333333	0.62177115	1.3963404333333334	2.4714726666666667	0.158241715	0.9401477333333332	0.0
ENSMUSG00000028226	0.0	1.1103033333333332	3.2091353333333337	0.0	0.178712915	0.0	0.0	0.0	0.030000755	0.2239835076666666	1.3440539000000002	2.7261313333333335	0.0	0.0	0.332306165	0.0	0.0	2.606293666666667	0.0	1.4156076666666666	0.6029663666666667	0.0	0.0	0.1126072433333333	0.0	0.0	0.3389739999999999	0.5972768033333333	1.4651663	1.2778122333333333	0.0	0.03784515	0.1459130414999999	0.0	0.1718603333333333	0.008689095
ENSMUSG00000058006	4.542969333333333	1.6903477999999998	1.4432896	1.1601772666666668	0.7219033666666667	0.8107349666666667	6.64055	3.9190533333333337	2.57109	2.880405666666667	1.062131	1.322853	1.952867	1.910769	1.0389101333333333	4.623114666666667	2.0209623333333333	1.3255755666666666	2.60793	1.2773480333333334	0.5960154333333333	1.6524353333333333	1.890963333333333	0.7701572333333333	4.743684666666667	2.2462323333333334	1.406887	2.487417333333333	0.9693174	1.0907314333333331	2.282853333333333	2.813597	0.5613583000000001	1.83777	1.5478653333333334	6.36096
ENSMUSG00000028295	4.911753666666667	10.202181333333334	10.365142333333331	2.3503849999999997	6.782211666666666	5.875171666666667	7.762347333333333	8.731611000000001	6.878090666666668	7.42015	14.435443333333334	14.320003333333334	9.801436666666666	10.051611333333334	17.93335666666667	2.537829	4.422071666666667	10.380181333333333	7.010997	11.803213333333334	13.562876666666668	10.502151666666666	2.2316893766666666	15.732350000000002	5.793987	10.393746333333334	17.14464666666667	8.129026333333334	11.734662333333333	13.176776666666669	8.935327666666666	5.713437666666667	11.105757000000002	7.239076666666667	14.924546666666666	0.4806353
ENSMUSG00000081483	4.435904333333333	3.997989	3.2478433333333334	4.044827333333333	3.014993333333333	2.491002	6.493608666666667	3.9805456666666665	2.5383526666666665	3.96317	2.475702666666667	2.7874766666666666	2.9948633333333334	1.5081174666666666	1.9693953333333332	5.901919	2.4497576666666667	2.2887983333333337	4.241786333333333	2.4696416666666665	2.381358333333333	3.268527666666666	0.733027	1.7707118000000002	6.677445666666667	3.7664606666666662	1.2686453666666668	4.275033333333334	2.600749	2.2805596666666665	2.9454856666666664	1.0294474333333332	2.010473333333333	4.66594	2.948646333333333	7.6671355
ENSMUSG00000086712	0.0	1.22847375	3.130106	0.0	0.0	2.96912	0.0	0.0	0.0	0.6482643333333333	0.0	7.601975333333333	3.7865892	1.06396642	7.389575933333333	0.0	0.0	2.4655153333333337	0.0	2.7780753333333332	3.240343	2.6106243333333334	0.0	4.066113366666667	0.0	0.0	3.1753853333333333	0.845789	5.560121333333332	8.081728666666667	1.805436	0.0	10.820645	0.0	1.259414	0.0317891
ENSMUSG00000028364	0.31651393	23.510775666666664	36.26569666666666	0.027801995	4.81075961	0.25001845	8.304335333333334	6.361883	13.847872	0.09029045	42.72799666666666	23.698089999999997	0.0	0.3697068666666667	1.0078249333333331	0.6135973333333333	11.014872	61.27236666666666	1.3259147666666666	141.58303333333333	108.33845	0.062943275	0.12155698	18.812623333333335	1.4016786	3.274192	37.64530333333333	0.24530241	109.81118	110.05259	0.0	0.81168618	0.0874609066666666	2.887077	17.517993	1.208393055
ENSMUSG00000084159	34.28600333333333	34.74413666666667	23.731973333333332	28.5952	24.65021333333333	20.57452333333333	53.405773333333336	32.677429999999994	23.72252333333333	32.01031	22.634560000000004	21.51981333333333	27.181736666666666	13.486146666666668	15.48562	46.15994666666666	29.50701	21.546426666666665	27.29579666666667	22.139243333333336	16.93068666666667	18.49172	7.870414333333334	12.379163666666663	39.68246666666666	32.890856666666664	14.824819333333332	26.408343333333335	19.48561666666667	14.663623333333334	22.84622333333333	7.615877666666667	15.588496666666666	33.264003333333335	25.34474	48.11829
ENSMUSG00000028693	33.212986666666666	45.85665	25.036020000000004	46.02531333333334	42.41923	38.97418333333333	27.74368	32.827729999999995	26.38182	30.36179	26.19402	16.60621	52.378636666666665	32.15018	28.187763333333333	33.89255333333333	27.46639	21.542016666666665	28.579853333333332	23.15322	17.78542333333333	31.602899999999995	38.61342333333334	25.832066666666663	27.358316666666667	43.86579	28.52383	25.280433333333335	15.268643333333335	14.033396666666668	33.29586333333334	29.335879999999992	18.855096666666668	38.40592	24.31607	30.48625
ENSMUSG00000028643	25.71275	28.07468	53.85819333333333	11.353586	26.141133333333332	40.49854666666667	24.564216666666667	72.95552666666667	147.53423333333333	43.50112333333333	62.0713	81.83117	18.261238	69.12389333333333	85.18664333333332	44.52003	117.74689	79.85428999999999	31.57642	57.86819	53.53216666666666	15.572907999999998	27.707263333333337	59.88618333333333	25.810496666666666	45.82671666666666	114.59365333333334	33.70036666666667	49.90118666666667	63.95905333333334	18.743556666666667	37.24946	49.019169999999995	73.55297	311.6843666666667	47.74364
ENSMUSG00000028648	21.662736666666664	35.48599	48.46349333333333	32.707836666666665	38.861079999999994	64.76798666666666	19.240426666666668	43.12823666666667	56.54405333333333	43.425520000000006	65.2633	62.20203	51.618210000000005	75.31377333333333	92.17649666666668	36.25274666666667	57.57512	55.36252	30.975156666666667	73.79838333333333	65.41082666666667	56.656560000000006	55.56041666666667	85.11347666666667	41.00157333333333	63.21385	109.506	38.90615666666667	57.04920333333333	64.731	44.770826666666665	52.85634000000001	76.94434333333334	68.07992333333334	102.06861	22.09335
ENSMUSG00000043962	11.020475	8.884744	4.430485666666667	10.761079	8.420671	6.944325666666667	13.73962	11.761158	9.516325666666669	11.362225333333331	6.8421400000000006	5.580620333333333	6.662965	5.615503666666666	3.194402333333333	22.170366666666663	14.017223333333334	7.103542	10.800104333333335	5.789448333333333	3.9331763333333334	6.541072	4.14577	3.965218333333333	11.133521000000002	10.410650333333336	3.53711	9.797296333333334	6.901592000000001	4.944864333333334	6.780842	8.028161666666668	4.886147	12.403746666666668	8.739166333333333	20.351415000000003
ENSMUSG00000028773	1.108826	2.6343623333333333	7.292113	1.11440545	0.0	6.984152333333333	3.854309066666667	2.8376665	4.025069333333334	3.8527865	5.721024666666666	11.45741	6.646433666666667	3.4115508999999995	20.360673333333335	14.615046	8.666702	4.113368066666666	0.65642656	2.6478688666666668	3.126558333333333	6.823305666666666	2.5625735	18.915248666666667	4.452769666666667	1.7954110666666665	14.321997333333334	1.3727019333333337	3.080218	6.496544	13.002197333333331	0.0	41.51596333333333	1.0805183333333332	14.36999	3.202665
ENSMUSG00000028809	22.67109333333333	24.536796666666664	15.856136666666666	24.006666666666664	18.573986666666663	19.110056666666665	36.58161666666667	26.958743333333334	26.840836666666664	26.648496666666663	19.839256666666667	17.053169999999998	22.541713333333337	23.65331666666667	20.41204666666667	40.86811	33.06165333333333	21.95726666666667	25.374663333333334	15.281166666666666	12.07723	18.82147	18.933083333333332	16.043143333333333	27.900636666666667	19.990443333333335	15.03262	22.753913333333333	18.955246666666667	15.040083333333332	23.74321	26.2677	15.627226666666669	18.972363333333337	15.288673333333334	42.081735
ENSMUSG00000019055	11.514850666666666	16.957653333333333	23.959956666666667	6.505153333333333	6.58351	15.012953333333334	1.7301765333333332	3.7570376666666663	10.199788	10.543809666666666	22.249053333333336	19.70947333333333	5.020067333333333	6.617417666666667	9.726653	5.141916666666667	2.8818966666666666	25.072916666666668	11.706882666666663	21.173516666666668	19.165863333333338	7.148188333333333	2.3297519999999996	12.989874666666664	3.1541250000000005	4.455708333333334	7.190389666666666	7.756377333333333	36.3304	22.68782333333333	5.913866333333334	3.6466283333333336	14.104126666666668	2.826620666666667	9.454463	4.2128524999999994
ENSMUSG00000029004	23.36048333333333	18.16024	10.578188666666668	19.76852666666667	14.13278	8.547773000000001	14.332543333333334	8.843036333333332	9.454420333333331	15.043196666666669	11.1782	5.926920666666667	12.19517	9.414484333333332	9.792077666666666	21.282076666666665	12.768881	10.493975	13.492470000000004	9.799574333333334	9.187936	12.71	10.437217	8.455053	13.71075	10.126387666666666	8.665348	15.727406666666669	10.904243333333334	6.937409	12.886606666666667	19.25658	8.315111666666665	10.081612333333334	8.399588	19.313305
ENSMUSG00000038803	33.71704	54.49610333333334	90.97732666666668	59.604690000000005	64.52445666666667	81.89229333333334	19.664773333333333	28.476163333333332	36.40797	71.69489	109.13896666666666	126.9606	95.55193333333334	100.60392666666668	145.48646666666667	33.62739333333333	41.61496666666667	100.96354333333332	46.27569666666667	103.50368666666668	101.13307	66.08548	56.00298999999999	101.13403	28.95651	31.34972	81.89936333333334	54.17389666666667	97.8138	121.297	68.03668666666667	60.244623333333344	75.45104	34.36778666666667	63.6441	27.365465
ENSMUSG00000070858	0.71893765	3.520573666666667	7.230642666666667	1.3659954	3.968162	2.017601	0.0	1.3247784333333332	2.954145666666667	2.5116676666666664	11.044383666666668	13.852363333333336	0.884674	2.781158733333333	6.4996027666666665	1.6405355933333332	2.449783666666667	11.230375333333331	2.890534666666667	7.47731	8.333424	3.1007906666666667	2.1375755	9.85028	1.9164933333333332	0.7333166666666667	7.939626333333333	2.0372582	6.299233000000001	6.621322333333334	0.87877525	3.2449058	6.225534333333333	1.0811239666666663	2.618112333333334	0.0
ENSMUSG00000051116	5.752015666666668	7.468951333333333	11.840066666666669	2.755945	3.646623333333333	7.847777	1.7723111333333332	3.9703653333333335	8.525557666666666	9.295107666666668	11.224890666666669	10.91973	7.275309666666668	7.341656333333333	11.602012	4.505016666666666	8.745507333333334	10.366182	7.533103666666666	9.273763	12.133392999999998	7.294557333333334	5.947043000000001	8.236442333333333	6.932651333333333	7.488801	12.034003333333333	9.262220333333332	7.986661000000001	10.875335333333334	8.659595	3.0127839333333335	8.545306333333334	6.454800333333334	10.016041	2.7098560000000003
ENSMUSG00000029417	1.55981453	13.503276	59.675810000000006	0.5808996	8.989991	38.20432	0.0	0.0	6.280580333333333	4.1912096666666665	15.268325333333337	51.805686666666666	2.5111795333333333	7.947145	1.76690862	4.5980205	0.19672802	31.633506666666666	21.133092333333337	6.749201666666667	15.067499	1.101561	0.0	17.830516333333332	0.0	0.0	19.043283333333335	2.666118	6.070066	15.470002666666668	2.7656135	3.3469613966666665	1.8096341333333337	0.061714945	1.350740133333333	0.0
ENSMUSG00000004849	10.367124333333331	27.160839999999997	17.396683333333332	21.0573	14.250379	32.85939333333334	6.268518	22.64513	27.192826666666665	11.761066	39.19273333333333	29.238043333333337	13.710896333333332	17.597577	29.7384	12.516492666666666	26.583113333333333	26.678116666666668	12.856326666666666	54.597919999999995	43.75586666666666	29.971190000000004	7.665257333333333	34.49006333333333	18.426659	66.21098	20.172363333333333	14.677863333333336	65.16191333333333	43.413736666666665	12.114275666666666	7.285698	75.77027	85.68427333333334	65.41681333333334	9.4755535
ENSMUSG00000048988	0.0	0.0	0.0641733533333333	0.0	0.0	0.0	0.0	0.0	0.0	0.0	0.0	0.1329362066666666	0.0	0.0	0.0528957866666666	0.0	0.0	0.0	0.0	0.284271615	0.19680767	0.0	0.0	0.0	0.0	0.0	0.1381013233333333	0.141948515	0.225720535	0.2324827	0.0	0.0	0.373782255	0.0	0.1109618866666666	0.0
ENSMUSG00000029571	9.039087	7.754086333333333	13.777199666666666	5.5191686666666655	7.5229583333333325	7.816380666666667	2.247559666666667	5.963925000000001	12.238854666666668	7.433094666666666	12.34782	12.800933333333331	5.234966666666667	4.638990333333333	7.896563666666668	2.090009673	4.932855	7.321104666666667	12.729223333333332	13.618	15.09487	6.152206	3.8747177666666666	10.230836333333333	4.036020333333333	3.3799793333333334	10.547847	14.882406666666668	12.755676666666666	15.107706666666669	5.697050999999999	2.3638244	9.988234333333333	3.911517	9.08444	5.508538000000001
ENSMUSG00000029670	12.980733333333331	5.06984	5.779069	11.790296666666668	7.639201	3.2029366666666665	9.266263333333336	5.716820333333334	6.136561666666666	9.845268333333332	5.366596666666666	4.016808666666667	7.135518	4.3529800666666665	4.346678333333333	7.187076666666667	6.646888000000001	6.472895	9.440544333333332	3.4888526666666664	2.708107333333333	4.9607779999999995	4.353355333333334	2.639767333333334	11.992574	5.977813666666666	3.910446	11.318053	5.645217333333334	3.867629333333334	7.984377333333334	5.074008666666667	4.023063333333333	7.340329666666666	5.89346	6.024153999999999
ENSMUSG00000044471	53.47114	29.909353333333332	7.166949	22.67221333333333	9.201572	4.214949666666667	15.337308000000002	3.2359993	0.6041723999999999	26.068653333333337	5.273987333333333	4.071427666666667	16.066019999999998	2.7567382333333335	4.311420666666667	19.397881666666667	1.1603335533333334	4.808165	31.94138	3.444329999999999	2.606757733333333	13.533969333333332	3.3985499333333333	1.6345770000000002	20.843632666666668	1.4551578666666665	2.2979854	31.290216666666662	5.4830483333333335	6.133261666666667	24.46672	5.408345333333333	2.762374666666666	1.16954635	1.320244	34.16972
ENSMUSG00000073155	12.270658	20.16815	36.82325	21.064216666666667	29.397536666666667	35.01459666666667	11.014380666666668	14.40715	33.62927666666666	27.390636666666666	47.608183333333336	60.64398	32.93821666666667	41.44911666666667	74.21433999999999	7.826598	27.75335	50.00073333333333	18.29732	34.40646666666667	33.34109	36.56325666666667	30.744373333333332	52.302003333333325	10.753550666666667	14.542306666666668	38.867763333333336	21.897360000000003	36.513043333333336	46.56426	34.68108333333333	22.17142	55.64158666666666	16.124746666666667	28.864303333333336	8.161205
ENSMUSG00000029838	2.5950037933333334	96.13527333333332	189.31132333333335	0.0349829166666666	4.573703166666667	0.6642630666666666	0.059715675	0.2876964533333334	57.570573333333336	2.8106843	193.4984	276.04776666666663	0.0	2.36648983	6.084860666666667	2.066184155	4.209853333333334	428.3138333333333	1.288961866666667	39.456343333333336	12.682256666666667	0.0	0.0	7.289573333333333	0.0	2.17671265	4.119695666666666	0.41755235	80.85336666666667	29.61234	0.0379278549999999	0.0	0.0670336	4.666488999999999	7.939906666666666	0.01994677
ENSMUSG00000004980	396.9730666666666	395.5503000000001	189.42133333333337	263.1955666666666	223.27716666666663	181.48276666666663	700.1095333333333	399.9603	325.4336333333333	355.9854333333333	238.69926666666663	175.22353333333334	281.30736666666667	171.4557333333333	165.96223333333333	681.8575666666667	367.9203	251.44833333333335	403.7349000000001	315.2126	236.3981666666667	212.8483666666667	233.15649999999997	176.85866666666666	654.0323666666667	453.04873333333336	211.5995	332.7124	283.10903333333334	211.12160000000003	223.994	233.62686666666664	181.7026	466.77833333333336	371.8178	713.1487500000001
ENSMUSG00000014748	10.842372	12.783886666666668	14.841893333333331	11.791303333333332	12.673683333333337	18.84148666666667	11.730276333333334	16.615416333333332	14.447421	12.914848	13.537366666666664	16.72792	10.730989	13.982593333333334	16.94139	8.597098333333333	10.435133666666667	15.185536666666666	11.795806666666666	18.971513333333338	15.23964	11.904627	8.330408333333333	14.855103333333332	7.479154666666666	15.824173333333334	14.43545	13.076643333333337	20.18662	19.300093333333333	8.336878	13.498192666666666	20.44654	16.14626	17.386113333333334	7.3107275
ENSMUSG00000082691	30.119370000000004	50.27052	78.33878	64.68909333333333	65.91888333333334	43.87616	7.423001666666668	22.24372	50.13039	73.89057000000001	122.7105	134.56413333333333	81.59959333333333	84.60367333333333	160.6788	11.031972666666666	54.62267	102.33235333333334	51.204640000000005	157.04643333333334	143.8216	78.27135	47.93951333333333	127.97076666666663	24.992343333333334	81.37089999999999	118.75848333333332	64.37062333333334	121.03333333333336	129.50426666666667	65.51333	33.12489	141.22813333333335	98.43005666666666	120.68593333333332	9.5494655
ENSMUSG00000041560	32.213206666666665	26.281796666666665	22.774396666666664	30.125746666666668	23.441996666666668	20.479513333333333	47.698013333333336	25.71820333333333	22.764413333333337	24.716123333333332	18.679123333333333	18.14421333333333	23.539059999999996	17.482823333333332	18.502076666666667	51.64274	31.65242333333333	19.34447333333333	27.18934	14.23981	12.730266666666664	20.040203333333334	19.773476666666667	16.64521	28.30878	22.317003333333332	16.226026666666666	19.13332	14.126566666666667	13.508033333333332	22.394666666666662	27.89738	13.353596666666666	21.978323333333336	15.39059	33.15543
ENSMUSG00000003363	23.82847	38.74796333333333	71.70985666666667	137.47673666666665	98.33370333333332	557.5223666666666	11.439771666666664	30.83784	58.70514	36.25492333333333	45.17695666666666	72.35745666666666	74.42483666666665	104.26779333333332	139.2009666666667	8.418584666666666	33.25911333333334	70.47577333333334	32.01064	26.107433333333333	43.73760333333333	237.83996666666667	47.95272333333333	205.24620666666667	16.0389	33.75049333333333	54.655026666666664	19.90304	41.706543333333336	53.64883	87.63202666666666	64.07772666666666	402.0414	22.379303333333336	56.47101333333333	9.693261499999998
ENSMUSG00000006315	30.94451666666667	73.47287666666666	123.36385	73.47869666666666	66.06995	92.6423	48.15043666666666	89.57641333333333	116.05223666666666	101.09555666666664	143.3321	159.1948	88.28815333333334	101.65544333333332	133.38093333333333	55.53245	116.7471	158.43416666666667	68.82526	107.90786666666668	117.9084	87.36311	50.60702333333333	116.11884666666668	61.90634666666667	128.68093333333334	109.62604333333331	74.77497	111.92519	133.0644	68.89295	37.019036666666665	149.79486666666665	147.24776666666665	215.33273333333332	25.681565
ENSMUSG00000051048	0.4789276333333332	10.509861666666668	16.339526666666668	0.02846911	3.3169500000000003	0.0	0.0	0.0	3.78133485	1.7681293333333332	24.42196	16.827646666666666	0.0	1.13418935	2.1531323	0.0	0.0	18.937382666666668	1.9141536666666668	17.359082666666666	13.336814333333333	0.0	0.0	5.972722999999999	0.0	0.0	7.279222666666667	1.4448986666666663	29.927516666666666	19.63716666666667	0.0	0.514156675	0.042040595	0.50841271	3.521962666666667	0.02474807
ENSMUSG00000063550	27.954523333333334	10.848511666666669	8.21084	17.325106666666667	6.1548783333333335	8.565747666666667	32.585366666666665	16.977298666666666	11.815149	14.243693333333333	7.419059333333333	5.844797666666666	10.297955666666669	7.0948216666666655	5.296157666666667	29.139146666666665	14.150537666666663	7.152155333333333	18.16147	6.208393000000001	4.426983666666667	8.751914333333334	6.380858333333333	5.794557333333334	33.909886666666665	10.286575	4.5013733333333334	13.606483333333337	6.954383666666668	5.064511666666666	7.549038333333333	6.428677333333333	5.403138666666666	10.77899	6.382340666666667	29.809225
ENSMUSG00000030771	0.0	0.04543145	0.21427115	0.0	0.12028577	0.6850686	0.0	0.0	0.8893769499999999	0.0	0.0	0.1210738	0.0	0.0	0.0	0.0	0.0	0.2212452349999999	0.0	0.16890854	0.2052020666666666	0.0	0.0	0.25711275	0.0	0.0	0.4388441333333333	0.0	0.0194169166666666	0.3332570666666666	0.0	0.0	0.27056765	0.0	0.14191805	0.0
ENSMUSG00000054555	0.0	1.5974034666666668	6.6718090000000005	0.0	1.19502147	0.0	0.0	1.0852529	0.7624263333333333	0.0	3.2155253333333333	9.285966333333333	0.0	0.4570408999999999	1.0410507	0.0	0.8893023566666667	6.4801269999999995	0.0	9.060665333333333	8.131738666666665	0.0	0.0	4.798615333333333	0.0	0.4269334366666666	4.010081333333333	0.0	5.409563333333334	9.129765333333332	0.0	0.0	0.059059605	0.295697794	1.4781719999999998	0.0
ENSMUSG00000000031	0.152156215	8.19016893	38.52281	0.0	5.8487674	1.4898723333333332	0.0	2.363934	12.900236666666666	0.0	22.139633333333336	85.08509666666667	0.0	7.379978666666667	20.33596	0.0	8.614631666666666	82.83813666666667	0.068927355	6.127195333333333	8.702167333333334	0.213330585	0.0	2.2249321500000003	0.0	1.8807225333333333	24.536432333333337	0.1033051	12.358378666666669	24.20527	0.0	0.0	0.43053415	3.793035	47.50890999999999	2.136305
ENSMUSG00000036199	83.07384333333333	132.78332333333333	200.95946666666669	163.33956666666668	167.90433333333334	214.94663333333332	48.78442666666666	119.26573666666668	140.06936666666667	162.1786	200.4242	238.7441666666667	157.66676666666666	246.75883333333337	270.2404666666667	87.28242999999999	151.72136666666668	216.8998333333333	109.84448	180.15240000000003	168.92673333333332	165.57686666666666	218.26716666666667	243.07476666666665	89.64246333333334	111.59596666666664	244.55956666666668	129.05556666666666	142.11270000000002	178.6571	140.28216666666663	249.5751	170.83863333333332	125.6386	197.53903333333332	76.356345
ENSMUSG00000035559	9.061040333333333	19.710056666666663	20.787913333333332	15.170863333333337	14.415357	32.83719666666667	4.229778666666667	10.474025666666668	10.602830666666668	23.596270000000004	26.53682	30.795833333333334	13.703215	18.815023333333333	32.90546	12.198582333333334	17.46462666666667	23.82312333333333	23.025533333333332	25.881173333333333	30.91368	26.51132	8.668978833333334	30.765366666666665	13.428639	20.107816666666665	19.802296666666667	28.213736666666662	30.774326666666667	30.84939	15.858316333333333	10.747331	49.58912333333333	21.910466666666668	27.58702	11.0743305
ENSMUSG00000031807	5.553653	8.243310666666668	11.682464	12.595806666666668	10.118731	18.12218	2.9530385333333338	10.821153333333331	15.468823333333331	9.743582	15.74385	16.28142	6.543602666666666	14.889173333333334	21.538016666666664	4.698457333333334	15.392063333333336	19.309626666666663	10.088435666666667	13.649253333333334	13.500743333333332	16.267126666666666	12.290296666666668	17.097673333333336	6.460766666666667	12.410037333333332	13.929609999999998	10.099506666666668	14.754533333333333	14.90308	13.024696666666664	15.223183333333331	25.039756666666666	13.57796	17.176806666666668	5.9021775000000005
ENSMUSG00000031775	0.0	0.193750065	0.3408097333333333	0.0	0.0899184066666666	0.0	3.2690298	0.0	3.458632	0.0	0.2676184	0.4528692	0.0	0.0	0.0	0.0	0.0	7.2559546333333325	0.0	0.3086041049999999	0.11192509	0.0	0.0	0.2284066933333333	0.0	0.0	1.5167707333333336	0.323779715	0.2284284766666666	0.3544404333333333	0.0	0.0	0.19384065	0.0	0.9137579533333332	0.0
ENSMUSG00000014856	14.95351	36.998066666666666	44.36255	58.682516666666665	58.97746	76.64744666666667	28.70137	43.377183333333335	44.51368666666667	34.187023333333336	53.857683333333334	58.13195	46.2009	56.69685333333334	63.97689	36.71421	52.99420333333333	67.85118	27.127256666666668	61.831386666666674	62.19995	48.824540000000006	49.09679	65.25765333333332	21.84407	38.42447333333333	55.721493333333335	33.18730666666667	67.24325666666665	61.97812666666667	38.92359666666667	56.36937	62.86605000000001	39.37094	56.44213333333334	30.021745
ENSMUSG00000031839	138.68633333333332	170.10783333333333	314.96043333333336	188.27303333333336	236.43606666666668	330.1423	123.68758333333334	216.28689999999995	278.22343333333333	260.29836666666665	372.6268333333333	449.92263333333335	350.3045666666667	312.17133333333334	418.7432999999999	173.79663333333335	351.04359999999997	394.5652	224.56006666666667	261.9107666666667	269.08233333333334	319.1859	202.353	332.63359999999994	158.05136666666667	160.00053333333332	265.18493333333333	242.3124666666667	228.1126	296.0076	243.5011	212.9392333333333	306.01146666666665	180.4589333333333	293.4420666666667	119.1168
ENSMUSG00000015027	3.28307	3.943400666666667	8.120945333333333	11.754025999999998	6.356012	21.763166666666667	0.0	0.04253331	3.599100333333333	3.710401000000001	9.236837666666666	8.567120000000001	3.099528333333333	5.705427	9.366507666666664	0.0	3.271366	9.148931666666668	4.933179	9.161663	11.105029	15.628455666666667	6.910021333333333	25.934736666666662	2.6634975	4.172918433333333	12.94221	2.192580333333334	12.378343333333332	10.956348666666663	4.351400333333333	12.215545999999998	57.148136666666666	4.344021333333333	12.681972	3.894064
ENSMUSG00000032595	0.0	0.0	0.31058403	0.0	0.09428658	0.0	0.0	0.0	0.026276795	0.0	0.0	0.1345987833333333	0.0	0.0331809849999999	0.3371805	0.0	0.0	0.0	0.0	0.0	0.05070329	0.0	0.0	0.03873192	0.0	0.0	0.18254059	0.0	0.0	0.2572649733333333	0.0	0.0	0.0	0.0	0.169501725	0.0
ENSMUSG00000032612	8.131069333333334	6.361143666666667	3.492479666666666	13.063181	8.733253666666666	6.911849	23.587459999999997	11.190985666666668	9.241930333333332	8.674861	5.1240239999999995	4.131093333333333	5.891669333333333	6.129005666666667	4.471706666666667	8.699220333333335	9.882053333333332	4.023373	7.940193999999999	5.993334999999999	4.414093	5.832463	7.350320333333333	4.461042666666667	10.150952666666669	11.354353666666666	5.380513666666666	5.984217	7.585002666666667	5.09824	5.652313333333333	9.780374333333333	6.110512333333333	10.268834	9.326701666666668	8.1930485
ENSMUSG00000006673	19.655286666666665	14.924561000000002	9.575088	21.23793333333333	11.731080666666664	9.609566	38.90632666666667	23.18323666666667	18.691926666666664	12.13858	12.605406666666669	10.705594	10.730344333333337	12.609603333333334	8.967732333333332	20.66096333333333	17.718033333333334	9.518096	15.240003333333332	10.328527666666666	7.860625333333334	8.572983666666667	9.400227	6.729737	23.054803333333336	19.28364666666667	7.837372666666667	10.825127666666669	13.955059999999998	8.096859	8.533033666666666	9.463176	7.862607666666666	21.50762333333334	13.41069	18.190015
ENSMUSG00000049719	0.0	0.0	0.0	0.0	0.0	11.334476	0.0	0.0	0.0	0.0	0.0	0.0	0.0	11.3238215	8.7606585	0.0	0.0	0.0	0.0	0.13636325	0.60012955	0.0	0.0	3.3749884999999997	0.0	0.0	2.1392195333333333	0.0	0.46629961	0.5405431	0.0	0.0	5.046000666666667	0.0	21.92607	0.05594977
ENSMUSG00000045594	14.16178	18.47005	29.9761	18.96866	12.502958	42.11537666666667	0.1928971466666666	7.201772599999999	24.47456	20.72851	25.85927	45.31500333333333	22.274373333333333	15.89028	23.70803666666667	4.534007493333333	9.005850666666666	35.433636666666665	22.98709666666667	24.825796666666665	32.09403666666667	28.501436666666667	8.122660333333334	34.889896666666665	6.975986433333333	12.131723333333332	9.696302	16.520343333333333	38.794093333333336	40.16652333333334	18.554129999999997	7.410534333333334	58.88004666666666	19.11666	24.832653333333337	10.715612
ENSMUSG00000031158	6.33402	8.972205666666667	14.33291	11.873613	7.722612000000001	11.850098333333335	7.433035	7.014375	10.172173666666668	12.757023333333334	22.58517	22.348803333333336	12.765656666666668	10.682599333333334	19.509	3.845361000000001	12.405184666666663	18.66758	13.966406666666666	24.76634	25.50328	13.08645	4.639307	16.555354333333334	9.205247666666668	13.152976666666666	14.92514	10.405676666666666	27.49537666666667	27.402583333333336	9.829472666666666	8.446622	18.683486666666667	16.346166666666665	22.28298666666667	2.0713045
ENSMUSG00000000787	173.57523333333333	133.47093333333336	75.57879000000001	82.10443333333333	73.30157666666666	69.65192333333333	162.6051	62.54904666666666	47.14906666666667	108.3375	65.72160000000001	68.05394	106.69920333333334	70.62468333333332	51.26720333333333	140.43243333333334	53.60111666666666	54.84451000000001	145.35913333333335	83.46153	73.38404333333334	94.25213	90.69060333333331	70.01990666666667	143.12730000000002	89.90819666666665	83.80676	119.4524	73.24666333333334	70.64215	141.16276666666667	90.02644	53.86986666666667	77.38322	50.98549666666667	159.59904999999998
ENSMUSG00000031059	78.79395666666667	91.84079333333334	138.44506666666666	120.35711	104.41242666666666	114.62221999999998	68.67926	80.11187666666666	110.24724333333332	140.87953333333334	143.2422333333333	138.11426666666668	113.12694666666668	161.28549999999998	168.58446666666669	85.32015	147.1789	142.6503	91.23740333333336	126.69618666666668	123.8834	96.39481	125.07890000000002	136.11956666666666	92.63927666666666	93.57184333333332	164.08533333333332	112.41873333333332	104.42733666666668	118.45926666666666	95.08028	117.5169	129.20433333333332	103.59913333333334	149.6233333333333	67.951855
ENSMUSG00000001131	28.921583333333334	456.556	699.4540666666667	25.359652	110.76813	126.51993333333331	16.389928166666667	155.47773333333333	212.20933333333335	103.64151333333332	684.2637666666668	746.8247	14.716860333333337	13.439850666666668	163.28749333333332	22.703609333333333	307.7836333333333	1172.5041	118.94453	2357.613666666666	2349.7616666666668	32.87232366666667	53.466526666666674	693.4444333333334	45.635432333333334	185.48053333333337	901.6691333333332	32.113166666666665	1681.7896666666666	1960.6056666666664	27.683917710000003	397.41796	116.11502	156.85276666666667	437.0009666666666	15.417370000000002
ENSMUSG00000019558	7.529733	7.771208333333334	15.01567	1.4423903333333332	6.154348966666666	15.450763333333333	2.6527404000000003	2.4639096666666664	4.63141	2.20973	4.403797999999999	7.613781333333333	4.239064	15.475293333333337	15.688523333333334	2.0944689999999997	2.155086333333333	5.356342333333333	4.786839333333334	7.948154333333334	8.008553999999998	6.300159333333334	10.261437	17.806816666666666	4.779148833333333	3.511476333333333	13.306043333333337	4.314959	2.941279	7.401330666666667	6.5500333333333325	2.026864966666667	14.350888666666664	1.4903561333333333	1.9040193333333333	5.319892
ENSMUSG00000031385	0.0	0.3672139599999999	0.398137305	0.0	0.0	0.06805304	0.0	0.0	1.4630483333333333	0.0	0.288285455	0.27534065	0.381702045	0.0	0.077132495	0.0	0.0	0.3423508	0.0	0.10726135	0.1100905099999999	0.51072615	0.0	0.5678062333333334	0.0	0.0	0.3261218999999999	0.0	0.26345445	0.1849282049999999	0.0	0.0	0.2734516933333333	0.0	0.2478266665	0.0
ENSMUSG00000002014	36.53107	61.966370000000005	94.80225666666666	64.01652	57.62087666666667	83.56905333333333	31.54145	29.31951666666667	29.808616666666666	73.89582666666666	101.79980666666668	100.55422	58.96321666666666	69.32985666666667	78.49067666666666	38.51137333333333	41.989360000000005	99.69867	50.321769999999994	129.65716666666663	139.8162	75.37940666666667	55.89649333333333	112.0304	20.55363	35.25088333333334	85.98073666666666	61.72382000000001	126.51230000000002	155.04493333333335	50.79981	55.41517000000001	88.71749	31.050666666666668	58.33611	26.443985
ENSMUSG00000031198	22.257823333333334	26.70986333333333	36.82958	13.18243333333333	13.808850333333332	21.667136666666664	8.334764999999999	25.366676666666667	35.12559666666667	35.48826666666667	44.17883333333333	38.86665	29.068750000000005	25.224953333333335	37.22806333333333	13.922724	28.07310666666667	29.945476666666668	28.456836666666664	39.54172	40.881236666666666	25.54264	16.288773333333335	34.56851666666667	17.04044933333333	33.783606666666664	38.59655	38.52855	35.038626666666666	39.70469	20.947253333333332	17.393723333333334	43.45609666666667	34.12610333333333	43.35864333333333	7.465415999999999
ENSMUSG00000025525	1.7873328666666666	2.8874026666666666	7.121444333333334	3.833947	3.837358000000001	8.342084666666667	3.4083596666666662	8.749269666666665	17.766763333333333	2.5076786666666666	8.979253333333332	4.443246333333334	2.0134717	8.209063333333333	7.702302	5.334970000000001	11.452130333333336	12.951667333333331	1.6234845	8.983808666666667	8.806298333333332	5.209872333333333	2.7699954333333334	12.058562666666669	4.659147999999999	13.393926666666667	18.968586666666667	2.519863	12.714293333333332	8.579725666666667	4.221943333333333	4.453317466666667	18.29871	18.434093333333333	41.27683	3.720032
ENSMUSG00000025289	64.79485	122.43183333333332	114.34383333333336	50.19315333333333	44.13281	48.84041	23.275993333333332	53.697473333333335	72.30984666666667	98.56281333333332	172.7985666666667	161.566	73.20198666666666	86.02667333333333	96.63113	32.24930333333333	78.84847666666667	191.986	69.71	242.4424	232.9136	53.19295666666667	26.070670000000003	117.66503333333334	38.82675	77.51052666666666	131.1507333333333	73.85121	219.0085	250.30093333333332	53.03397666666667	27.53511333333333	93.46350666666667	84.72169333333333	89.64011	49.543634999999995
