	geneID	symbol	G7F_mean	G7FNSen_mean	G7FSen_mean	G7M_mean	G7MNSen_mean	G7MSen_mean	G7S_mean	G7SNSen_mean	G7SSen_mean	Y7F_mean	Y7FNSen_mean	Y7FSen_mean	Y7M_mean	Y7MNSen_mean	Y7MSen_mean	Y7S_mean	Y7SNSen_mean	Y7SSen_mean	G3F_mean	G3FNSen_mean	G3FSen_mean	G3M_mean	G3MNSen_mean	G3MSen_mean	G3S_mean	G3SNSen_mean	G3SSen_mean	Y3F_mean	Y3FNSen_mean	Y3FSen_mean	Y3M_mean	Y3MNSen_mean	Y3MSen_mean	Y3SNSen_mean	Y3SSen_mean	Y3S_mean	ranking
94	ENSMUSG00000028773	Fabp3	1.108826	2.6343623333333333	7.292113	1.11440545	0.0	6.984152333333333	3.854309066666667	2.8376665	4.025069333333334	3.8527865	5.721024666666667	11.45741	6.646433666666668	3.4115509000000004	20.36067333333333	14.615046	8.666701999999999	4.113368066666666	0.65642656	2.6478688666666668	3.126558333333333	6.823305666666666	2.5625735	18.915248666666667	4.452769666666666	1.7954110666666665	14.321997333333336	1.3727019333333337	3.080218	6.496544	13.002197333333337	0.0	41.51596333333333	1.0805183333333332	14.36999	3.202665	1
10	ENSMUSG00000102433	Gm38050	1.26417175	4.7732410000000005	5.320926	0.0	0.0	0.9662131	0.0	0.0	0.0	2.90117475	2.9830203333333336	9.686627333333334	0.94128935	0.0	11.7411305	0.0	0.0	4.119480333333334	5.463867666666666	1.327813	2.6270185	5.8783720000000015	0.0	6.743116666666666	0.0	0.0	3.904616666666667	0.0	0.3718425	4.617450333333333	1.4492225	0.0	3.798781	0.0	1.6559504333333337	0.0	2
106	ENSMUSG00000044471	Lncpint	53.471140000000005	29.90935333333333	7.166949000000001	22.67221333333333	9.201572	4.214949666666667	15.337307999999998	3.2359993	0.6041723999999999	26.06865333333333	5.273987333333333	4.071427666666668	16.066019999999998	2.756738233333333	4.311420666666667	19.397881666666667	1.1603335533333334	4.808165	31.94138	3.4443300000000003	2.606757733333333	13.533969333333332	3.3985499333333333	1.634577	20.843632666666668	1.4551578666666665	2.2979854	31.29021666666667	5.483048333333333	6.133261666666668	24.46672	5.408345333333332	2.762374666666666	1.16954635	1.320244	34.16972	3
43	ENSMUSG00000071533	Pcnp	10.729073333333332	14.38957	8.495852333333334	10.363421666666666	10.460677333333336	8.948536666666667	16.355583333333332	13.633726666666664	11.497847333333333	7.569894333333332	8.396793333333333	7.598001333333332	10.770078333333332	10.472245333333332	8.488354666666668	12.841263333333332	11.243830333333335	8.383353999999999	10.860674666666668	12.39089	9.818381333333337	9.694391666666666	11.237173666666669	9.572802333333334	11.462723333333336	13.756416666666668	9.674773333333334	9.580694666666666	9.364736666666667	8.473848666666667	10.821351000000002	10.569788333333332	6.111948000000001	12.02082	9.713858	12.11366	4
18	ENSMUSG00000020863	Luc7l3	16.972573333333333	14.361966666666667	8.451579666666667	11.245946666666669	11.973416666666669	9.386506666666667	19.330206666666665	20.18698333333333	13.063754	11.451036666666669	10.183624333333334	6.775011999999999	13.206970000000002	17.45920333333333	8.253558666666667	18.520896666666676	20.636976666666666	10.859952666666665	9.895512666666669	12.027343	7.135513333333333	9.974796333333332	18.808376666666668	11.526899666666669	17.306829999999998	14.337746666666668	15.37357	10.445292666666663	8.347679	6.340688333333333	15.855946666666668	25.13263666666667	6.4035866666666665	14.182250000000002	12.527593333333336	21.817175	5
117	ENSMUSG00000030771	Micalcl	0.0	0.04543145	0.21427115	0.0	0.12028577	0.6850685999999999	0.0	0.0	0.88937695	0.0	0.0	0.1210738	0.0	0.0	0.0	0.0	0.0	0.221245235	0.0	0.16890854	0.2052020666666666	0.0	0.0	0.25711275	0.0	0.0	0.4388441333333333	0.0	0.0194169166666666	0.3332570666666666	0.0	0.0	0.27056765	0.0	0.14191805	0.0	6
79	ENSMUSG00000028053	Ash1l	18.42496	13.046954666666664	8.329150666666667	12.811152666666668	9.040402	7.524994666666667	13.682936666666668	11.960306333333332	10.526299333333334	12.648130000000002	6.840388000000001	7.571658999999999	10.320036666666669	6.140758666666668	6.226978333333332	14.747183333333336	9.237745666666669	7.6240466666666675	15.258736666666666	6.044292333333334	5.953343333333334	8.196437666666666	6.867298000000001	6.237718666666666	18.74173333333333	8.891436666666666	6.232045333333333	17.028976666666665	8.06606	7.457583666666667	9.994184000000002	8.460669333333334	5.803648666666668	7.741265666666667	7.172253	16.954535	7
87	ENSMUSG00000086712	AI427809	0.0	1.22847375	3.130106	0.0	0.0	2.96912	0.0	0.0	0.0	0.6482643333333334	0.0	7.601975333333333	3.7865892	1.06396642	7.389575933333332	0.0	0.0	2.4655153333333337	0.0	2.7780753333333337	3.240343	2.610624333333333	0.0	4.0661133666666665	0.0	0.0	3.1753853333333333	0.8457889999999999	5.560121333333334	8.081728666666667	1.805436	0.0	10.820645	0.0	1.259414	0.0317890999999999	8
127	ENSMUSG00000032595	Cdhr4	0.0	0.0	0.31058403	0.0	0.09428658	0.0	0.0	0.0	0.026276795	0.0	0.0	0.1345987833333333	0.0	0.033180985	0.3371805	0.0	0.0	0.0	0.0	0.0	0.05070329	0.0	0.0	0.03873192	0.0	0.0	0.18254059	0.0	0.0	0.2572649733333333	0.0	0.0	0.0	0.0	0.169501725	0.0	9
70	ENSMUSG00000032679	Cd59a	0.5494198	0.0	1.6512972	0.0	1.35070145	3.5313575000000004	7.777188333333334	0.12154775	11.251232333333334	2.074818	4.6256855	4.312560333333334	0.0	3.516760666666667	4.622808333333333	13.413623333333335	4.309384333333334	35.961866666666666	1.5342383999999998	0.5863844	1.411658	0.0	0.0	4.416460666666667	16.131761666666666	1.9388582333333333	5.922007	0.0	0.8473016999999999	1.5929590000000002	0.260174005	0.0	4.280093	0.7405219333333334	3.6475943333333336	7.6989930000000015	10
76	ENSMUSG00000036353	P2ry12	0.0	0.0	0.1573846433333333	0.9973390333333332	2.9536680000000004	9.948584	0.0	0.0	2.787866866666667	0.0	0.0	0.22932543	38.55308	10.595587666666669	27.596948	0.0	0.0	5.298049333333333	0.0	0.222606105	1.4523408333333334	24.83344333333333	5.70321425	16.016065	0.0	1.1055765	7.206281999999999	0.0	0.026711945	0.2144688033333333	28.55340333333333	0.0	24.47117	0.508054245	0.7045380333333333	0.0	11
72	ENSMUSG00000016921	Srsf6	52.16592333333333	58.02590333333334	36.84473000000001	57.37041333333333	62.75457333333333	53.41802666666666	129.58096666666663	81.72951	43.81827666666667	44.87068333333334	55.96749333333333	44.30202333333333	46.71513000000001	51.89825666666667	34.97019666666666	108.10116666666666	95.53429333333332	57.05957000000001	42.098373333333335	57.89903	41.922446666666666	41.47015666666667	52.17757666666667	33.71238	98.74628333333332	77.64311666666667	39.539556666666655	45.95710333333333	48.44299	33.329010000000004	38.94515666666667	66.42663333333333	27.45902333333333	66.77264333333333	45.48223	147.7286	12
131	ENSMUSG00000045594	Glb1	14.161779999999998	18.47005	29.9761	18.96866	12.502958	42.11537666666667	0.1928971466666666	7.201772599999999	24.47456	20.728510000000004	25.85927	45.31500333333333	22.27437333333333	15.890280000000002	23.70803666666667	4.534007493333333	9.005850666666666	35.433636666666665	22.987096666666663	24.825796666666665	32.09403666666667	28.50143666666667	8.122660333333334	34.889896666666665	6.975986433333333	12.131723333333332	9.696302	16.520343333333333	38.794093333333336	40.16652333333332	18.55413	7.410534333333334	58.88004666666666	19.11666	24.83265333333333	10.715612	13
8	ENSMUSG00000026365	Cfh	70.06121666666667	58.38461999999999	14.668507333333332	25.18746333333333	19.75309	18.470856666666663	57.80487	24.83099333333333	10.625572333333333	43.93501333333333	23.31608666666667	12.430039333333331	119.68304333333332	8.810259333333333	16.852243333333334	29.04772	14.402286333333334	5.118649666666666	57.99541333333333	20.13936	17.44059	95.86616666666669	12.733267666666668	12.17271	48.02600666666666	12.362156666666666	7.7796379999999985	22.572966666666662	19.6247	11.769109666666663	84.76294	7.708044333333333	8.470287666666666	2.031517333333333	2.410298333333333	49.99434	14
9	ENSMUSG00000033488	Cryzl2	2.375915	3.7734766666666655	2.0877735	2.218375	2.7483445	4.480564	0.0	2.984456	6.120501999999999	0.0	4.805202	6.168469333333333	11.43904	3.761791000000001	5.828465066666666	0.0	1.6617876666666669	7.444549666666667	1.50177295	2.7609544666666666	6.4874063333333325	4.889587666666666	0.30737093	5.562381300000001	1.03541875	0.9520192333333334	2.130746	0.6040376999999999	3.5859370000000004	5.282743	2.8043026666666666	0.5166558666666666	7.5098639999999985	1.0494597	3.327555333333333	3.23939	15
133	ENSMUSG00000000787	Ddx3x	173.57523333333336	133.4709333333333	75.57879000000001	82.10443333333333	73.30157666666666	69.65192333333333	162.6051	62.54904666666667	47.14906666666667	108.3375	65.7216	68.05394	106.69920333333334	70.62468333333331	51.26720333333334	140.43243333333334	53.60111666666666	54.84450999999999	145.35913333333338	83.46153000000001	73.38404333333334	94.25213	90.69060333333331	70.01990666666666	143.12730000000005	89.90819666666668	83.80676	119.4524	73.24666333333333	70.64215	141.16276666666667	90.02644000000001	53.86986666666667	77.38322000000002	50.98549666666667	159.59905	16
101	ENSMUSG00000029417	Cxcl9	1.5598145299999997	13.503276	59.67581000000001	0.5808996000000001	8.989991	38.20432	0.0	0.0	6.280580333333334	4.1912096666666665	15.268325333333332	51.80568666666666	2.5111795333333333	7.947144999999999	1.76690862	4.5980205000000005	0.19672802	31.633506666666666	21.13309233333333	6.749201666666668	15.067499	1.1015610000000002	0.0	17.830516333333332	0.0	0.0	19.04328333333333	2.6661180000000004	6.0700660000000015	15.470002666666668	2.7656135	3.3469613966666665	1.8096341333333328	0.061714945	1.3507401333333335	0.0	17
105	ENSMUSG00000029670	Ing3	12.980733333333331	5.06984	5.779069	11.790296666666668	7.639201	3.2029366666666665	9.266263333333336	5.716820333333334	6.136561666666666	9.845268333333337	5.366596666666666	4.016808666666667	7.135517999999999	4.3529800666666665	4.346678333333333	7.187076666666666	6.6468880000000015	6.472894999999999	9.440544333333332	3.4888526666666664	2.708107333333333	4.960778	4.353355333333333	2.6397673333333334	11.992574	5.977813666666667	3.910446	11.318053	5.645217333333334	3.867629333333333	7.9843773333333345	5.074008666666666	4.023063333333333	7.340329666666666	5.89346	6.024153999999999	18
27	ENSMUSG00000021196	Pfkp	41.03164	21.80181333333333	11.040717333333331	52.50408	25.96547	26.641846666666662	39.904306666666656	21.582384	30.780573333333336	40.820726666666665	20.42027333333333	10.736293666666668	21.74325333333333	16.387963333333335	13.460946666666668	31.093716666666666	26.62092	19.312393333333333	41.437456666666655	17.025540333333335	12.139508666666664	20.102516666666663	19.911600000000004	13.914633333333336	31.906256666666664	28.65155333333333	10.357995	30.262590000000003	20.35557	14.175553333333331	21.171850000000006	24.74766	14.393456666666667	21.02941333333333	17.462680000000002	31.411875	19
123	ENSMUSG00000031775	Pllp	0.0	0.193750065	0.3408097333333333	0.0	0.0899184066666666	0.0	3.2690298	0.0	3.458632	0.0	0.2676184	0.4528692	0.0	0.0	0.0	0.0	0.0	7.255954633333332	0.0	0.308604105	0.11192509	0.0	0.0	0.2284066933333333	0.0	0.0	1.5167707333333336	0.323779715	0.2284284766666666	0.3544404333333333	0.0	0.0	0.19384065	0.0	0.9137579533333332	0.0	20
32	ENSMUSG00000032745	Gpbp1	90.11612666666667	61.33745666666667	59.9044	85.90325333333334	55.30137	49.03052	88.85848666666668	69.30658666666666	53.61994333333333	75.36243	62.64828666666667	49.57223666666667	55.911863333333336	38.585703333333335	39.173836666666666	86.10563666666668	68.5167	63.48959666666667	77.36448333333334	56.62256333333333	44.10409000000001	58.12154333333334	61.10784333333334	39.55776666666667	89.17126666666668	58.47014333333333	38.76064	82.30160333333333	63.41971666666668	47.51339	59.68245333333334	67.73708333333333	38.69433	58.12915333333334	54.26216333333334	91.539515	21
100	ENSMUSG00000051116	Gm8121	5.752015666666668	7.468951333333332	11.840066666666663	2.755945	3.646623333333333	7.847777000000001	1.7723111333333332	3.9703653333333335	8.525557666666666	9.295107666666668	11.224890666666669	10.91973	7.275309666666666	7.341656333333333	11.602012	4.505016666666666	8.745507333333334	10.366182	7.533103666666666	9.273763	12.133392999999998	7.294557333333334	5.947043000000002	8.236442333333333	6.932651333333332	7.488801	12.034003333333333	9.262220333333332	7.986661000000002	10.875335333333336	8.659595	3.012783933333333	8.545306333333334	6.454800333333334	10.016041	2.7098560000000003	22
113	ENSMUSG00000003363	Pld3	23.828470000000003	38.74796333333335	71.70985666666667	137.47673666666665	98.33370333333336	557.5223666666666	11.439771666666667	30.837840000000003	58.70513999999999	36.25492333333333	45.17695666666666	72.35745666666666	74.42483666666666	104.26779333333332	139.2009666666667	8.418584666666666	33.25911333333334	70.47577333333334	32.01064	26.10743333333333	43.73760333333333	237.83996666666667	47.95272333333333	205.24620666666667	16.0389	33.75049333333333	54.65502666666666	19.90304	41.706543333333336	53.64883	87.63202666666668	64.07772666666666	402.0414	22.379303333333336	56.47101333333333	9.693261499999998	23
12	ENSMUSG00000071072	Ptges3	59.765330000000006	48.14204333333333	35.52062333333333	58.11673333333334	36.81637	33.522870000000005	75.81897666666667	45.88098333333334	34.42127	30.67141666666667	27.65624333333333	24.20179	42.38609	37.16650666666667	31.65822	45.93073666666666	34.44520666666667	23.17329666666667	42.028223333333344	47.89346666666666	33.18696333333333	44.23399333333333	55.52746	31.6655	48.39236	71.25760666666667	43.70653	44.97119	35.96799	28.571716666666664	51.53432333333333	57.6354	26.24182333333333	67.96562	44.89743333333333	55.647415	24
125	ENSMUSG00000031839	Hsbp1	138.68633333333332	170.10783333333333	314.96043333333336	188.27303333333336	236.43606666666668	330.1423	123.68758333333334	216.2869	278.22343333333333	260.29836666666665	372.6268333333333	449.92263333333335	350.30456666666674	312.17133333333334	418.7432999999999	173.79663333333335	351.0436	394.5652	224.56006666666667	261.9107666666667	269.08233333333334	319.1859	202.353	332.63359999999994	158.05136666666667	160.00053333333332	265.18493333333333	242.3124666666667	228.1126	296.0076	243.5011	212.93923333333333	306.01146666666665	180.4589333333333	293.4420666666667	119.1168	25
116	ENSMUSG00000063550	Nup98	27.95452333333333	10.848511666666669	8.21084	17.325106666666667	6.154878333333333	8.565747666666667	32.585366666666665	16.977298666666666	11.815149	14.243693333333333	7.419059333333332	5.8447976666666674	10.297955666666669	7.094821666666667	5.296157666666667	29.139146666666665	14.150537666666663	7.152155333333333	18.16147	6.208393000000001	4.426983666666667	8.751914333333332	6.380858333333332	5.794557333333334	33.909886666666665	10.286575	4.501373333333333	13.606483333333331	6.954383666666668	5.064511666666666	7.549038333333333	6.428677333333333	5.403138666666666	10.77899	6.382340666666668	29.809225	26
90	ENSMUSG00000028693	Nasp	33.212986666666666	45.85665	25.03602	46.02531333333334	42.41923	38.97418333333333	27.74368	32.827729999999995	26.38182	30.36179	26.19402	16.60621	52.37863666666666	32.15018	28.18776333333333	33.89255333333333	27.466390000000004	21.542016666666665	28.57985333333333	23.15322	17.785423333333327	31.602899999999995	38.613423333333344	25.832066666666663	27.35831666666667	43.86579	28.523830000000004	25.28043333333333	15.268643333333335	14.033396666666668	33.29586333333334	29.33587999999999	18.855096666666665	38.40592	24.31607	30.48625	27
17	ENSMUSG00000009185	Ccl8	87.52659333333332	60.00323666666667	386.4727666666667	12.487880666666667	2366.56612	1384.8428333333334	2.876041523333333	26.818933000000005	157.8422523333333	129.57488999999998	115.18467	250.53296666666665	3860.8086666666654	456.12043333333327	7878.220666666667	3.711019966666667	10.617333666666667	201.07346	158.77810333333332	58.78085333333333	559.9084166666668	14023.713333333331	387.3160003333333	3531.0640000000008	16.500784333333332	105.02540666666664	1301.4307333333334	102.26885333333333	27.02458	323.1004	2613.8903333333333	17.710759033333332	1162.1967	5.1158648000000015	135.03097233333332	2.9546615000000003	28
86	ENSMUSG00000081483	Gm12445	4.435904333333333	3.997989	3.2478433333333334	4.044827333333333	3.014993333333333	2.491002	6.493608666666668	3.9805456666666665	2.5383526666666665	3.96317	2.475702666666667	2.7874766666666666	2.994863333333333	1.5081174666666666	1.9693953333333327	5.901919	2.4497576666666667	2.2887983333333333	4.241786333333334	2.4696416666666665	2.381358333333333	3.268527666666666	0.7330270000000001	1.7707118000000002	6.677445666666667	3.766460666666666	1.2686453666666668	4.275033333333333	2.600749	2.2805596666666665	2.9454856666666664	1.0294474333333332	2.010473333333333	4.66594	2.948646333333333	7.6671355	29
29	ENSMUSG00000006717	Acot13	27.88731333333333	42.01106666666667	49.95802666666666	34.42522666666667	38.01852	68.67738333333334	16.048939	22.25072	68.82118	41.160246666666666	49.59780333333333	65.99826333333333	111.14381666666668	123.94013333333332	146.72777333333332	19.005678666666668	43.67037	61.01069333333334	35.235783333333345	42.67445333333333	49.19784000000001	90.60010333333332	47.42695333333333	78.63019999999999	23.407870000000003	29.03409666666667	55.75017333333333	33.578786666666666	47.94145	45.14262333333333	69.02019	34.13644	96.24322	40.29192666666667	60.90648666666666	16.975524999999998	30
104	ENSMUSG00000029571	Tmem106b	9.039087	7.754086333333332	13.777199666666665	5.519168666666666	7.522958333333332	7.816380666666667	2.247559666666666	5.963925	12.238854666666668	7.433094666666666	12.34782	12.800933333333331	5.234966666666667	4.638990333333333	7.896563666666666	2.0900096729999995	4.932855	7.321104666666668	12.729223333333332	13.618	15.094870000000002	6.152206	3.8747177666666666	10.230836333333333	4.036020333333333	3.379979333333333	10.547847	14.882406666666668	12.755676666666664	15.107706666666664	5.697050999999999	2.3638244	9.988234333333333	3.911517	9.08444	5.508538	31
58	ENSMUSG00000024360	Etf1	213.2655333333333	156.3016	124.40643333333333	167.67923333333331	124.10236666666668	131.70613333333333	237.62526666666668	158.9844	119.03486666666667	167.96446666666662	105.60496666666666	93.2273	163.8772	89.33472666666668	92.86287333333333	211.82013333333333	121.4013	104.48216666666669	142.28483333333338	117.82296666666667	93.00486	138.29683333333332	135.05499999999998	103.21561	166.22106666666662	143.77596666666668	104.48753	144.41933333333333	105.80040333333334	95.45101666666666	152.6346333333333	97.65390666666669	98.27251333333334	124.04006666666668	88.06659333333332	239.36325	32
4	ENSMUSG00000025982	Sf3b1	112.09508840134	84.47663951065374	55.60532805404036	83.43870792358258	65.1207880821117	51.36468796778917	120.53032772282366	74.6349896184642	59.6530998391943	90.59096386093852	73.77013745983588	54.62219384586788	64.32078146019114	56.9015904930363	44.45283448699561	125.19331855092298	90.66908547887442	70.26825627317794	101.0536496240863	59.74547829517153	48.22544212976992	58.44864671605829	64.7357297923765	42.385385679025866	111.2619629785769	61.07844061807386	40.60126671997007	87.34126882979385	63.00864813198459	46.95856386332347	61.85156477153327	74.43497468655876	44.90403209487033	61.19146967311404	50.75354266761798	147.2729767801905	33
33	ENSMUSG00000021807	Rtraf	39.81393333333335	64.47343666666667	90.80907333333334	36.04158333333333	71.164	85.73425333333334	54.30286333333334	89.66199999999998	89.15820000000002	52.66658666666667	95.55034333333332	95.99332333333332	56.17693666666667	88.96386000000003	103.22582	60.98842333333334	87.29114333333332	113.76456333333334	56.00828666666666	124.80563333333332	112.17160333333334	64.17159000000001	61.66658666666666	86.80722666666668	55.25818333333333	95.65359	91.74716666666669	49.79987333333333	114.1391	104.38561333333332	52.51713000000001	61.03992333333334	95.36295333333334	105.0264	120.2867	38.348425	34
34	ENSMUSG00000049960	Mrps16	23.33051	47.95298666666668	49.89536	33.60096	37.32676000000001	43.75926000000001	16.160892	34.34571333333333	37.29184333333333	28.443186666666666	78.19512333333334	62.82409333333334	23.278720000000003	52.65492	89.21783	23.74622666666667	54.32821000000001	67.50613666666668	34.64213	93.05919666666668	95.74016333333331	36.38838333333333	30.75451	56.35489333333334	34.443490000000004	85.97313333333334	67.91421000000001	31.60514333333333	77.81183333333333	83.63073333333334	31.73168666666667	25.11909333333333	62.22767333333334	85.70355333333335	98.28269333333334	19.3201465	35
42	ENSMUSG00000022858	Tra2b	68.22307333333333	62.51714000000001	45.63662666666667	36.19605	41.55251000000001	36.50392	81.24313666666667	41.46653	28.61827666666667	53.65561666666667	44.53031666666666	41.976463333333335	41.78864333333333	31.19861	27.14793333333333	69.21593333333334	41.68514	37.73367666666665	56.19317666666666	36.705803333333336	29.06416	34.269110000000005	42.41292666666667	29.65789	56.93887666666666	42.87739666666667	31.17016666666667	53.28796	35.07114333333334	33.71014	43.2403	45.60229	23.95966333333333	41.01690333333333	29.46735	76.2156	36
102	ENSMUSG00000004849	Ap1s1	10.367124333333331	27.16084	17.396683333333332	21.0573	14.250379	32.85939333333334	6.268518	22.64513	27.192826666666665	11.761066	39.19273333333333	29.238043333333334	13.710896333333332	17.597576999999998	29.7384	12.516492666666664	26.58311333333333	26.67811666666667	12.856326666666664	54.59792	43.75586666666666	29.971190000000004	7.665257333333333	34.49006333333333	18.426659	66.21097999999999	20.172363333333333	14.677863333333336	65.16191333333335	43.41373666666666	12.114275666666664	7.285697999999999	75.77027	85.68427333333334	65.41681333333334	9.4755535	37
30	ENSMUSG00000057762	Gm6169	2.1854896666666668	3.292663	4.992696333333333	3.788795	3.4003623333333337	3.538612	0.7800676666666666	2.513946	3.5144776666666666	4.032635666666667	6.325968333333333	6.055426000000001	1.558559	4.5307553333333335	3.984251	1.2906123333333337	4.401731666666668	5.922317	2.7405406666666665	5.833431	5.133389	1.4150660000000002	1.4852931333333332	3.8099823333333336	2.040419	6.220774333333334	2.854634666666666	3.805878666666667	6.435867666666668	6.609469	1.9097496666666665	0.5541804	5.920252333333332	5.707370999999998	5.9058063333333335	1.01412905	38
11	ENSMUSG00000034612	Chst11	0.2582013133333333	1.1181463666666671	3.897826666666667	4.422747966666667	1.7352906666666668	6.7239673333333325	0.0	2.235192956	2.988965906666667	1.520943	2.0588576666666665	2.4313653333333334	0.68632763	5.1428226666666665	4.845333	0.0	2.6735526666666662	2.610345666666667	0.0	2.3650490000000004	2.932008333333333	3.0326849999999994	7.066790333333333	3.479745333333333	1.6911193499999997	0.7388701666666666	4.607515333333333	0.01362247	2.2159937666666667	2.8745063333333327	2.1012812333333333	7.822067333333332	4.736510333333333	0.8820270999999998	0.7448739000000001	0.0	39
16	ENSMUSG00000040483	Xaf1	5.779588	8.526882666666667	19.91423333333333	4.0274540000000005	4.584107333333333	7.857085666666666	0.8062595666666666	2.4443449886666664	3.883604333333334	10.280202	15.055097666666668	30.25480666666667	11.857916666666668	11.478346	22.819403333333334	2.6623875000000004	2.468084	14.71008	13.00752	11.370696	16.376303333333336	9.033206	8.924394333333334	19.680586666666667	3.807940666666666	3.627236	13.498506666666666	4.112282	10.726277333333334	15.3813	15.464459666666665	16.42819	19.622106666666667	1.394915033333333	3.2257743333333333	1.402517	40
36	ENSMUSG00000021967	Mrpl57	8.841898333333337	18.483989666666663	21.92557333333333	15.15225	20.047696666666667	15.905870000000002	10.203347	21.57578833333333	18.663556666666672	14.414296666666669	24.37013666666667	27.267173333333336	21.8573	20.051376666666663	33.88497	17.343273333333332	25.12874333333333	24.419756666666668	12.111037333333336	29.76883666666667	27.95902	19.568696666666668	24.92081	25.66425	11.517188	25.23177	36.972296666666665	13.79693	23.6525	24.23825333333333	20.946536666666667	15.855796666666668	25.55825	27.477376666666668	35.77893333333333	12.3689405	41
6	ENSMUSG00000033364	Usp37	10.742225	6.553053333333334	2.2700288666666664	4.002886666666666	3.173988666666667	3.711883666666667	9.708686333333334	4.201070666666666	5.616802666666668	9.992677	4.6825323333333335	2.9358659999999994	6.326530000000001	3.1198303333333333	1.9746473333333328	11.505868333333332	5.816153333333332	3.768861	10.297343	3.145360333333333	2.336832	3.4011216666666666	2.693964333333333	2.342861	11.627323666666667	8.101061666666666	2.094061	8.238490666666667	3.659329666666667	3.005649333333333	3.213658666666667	2.584019	2.4348766666666664	6.053174333333334	3.772543333333333	19.88203	42
83	ENSMUSG00000028226	Mmp16	0.0	1.1103033333333334	3.2091353333333337	0.0	0.178712915	0.0	0.0	0.0	0.030000755	0.2239835076666666	1.3440538999999998	2.726131333333333	0.0	0.0	0.332306165	0.0	0.0	2.6062936666666667	0.0	1.4156076666666666	0.6029663666666667	0.0	0.0	0.1126072433333333	0.0	0.0	0.338974	0.5972768033333333	1.4651663	1.2778122333333333	0.0	0.03784515	0.1459130414999999	0.0	0.1718603333333333	0.008689095	43
122	ENSMUSG00000031807	Pgls	5.553653	8.243310666666668	11.682464	12.595806666666665	10.118731	18.12218	2.9530385333333338	10.821153333333331	15.468823333333336	9.743582000000002	15.74385	16.28142	6.543602666666667	14.889173333333336	21.53801666666667	4.698457333333334	15.392063333333333	19.309626666666663	10.088435666666667	13.649253333333334	13.500743333333332	16.267126666666666	12.290296666666668	17.097673333333336	6.460766666666667	12.410037333333332	13.929610000000002	10.099506666666668	14.754533333333333	14.90308	13.024696666666664	15.223183333333331	25.039756666666666	13.57796	17.176806666666668	5.9021775000000005	44
137	ENSMUSG00000031385	Plxnb3	0.0	0.36721396	0.398137305	0.0	0.0	0.06805304	0.0	0.0	1.4630483333333333	0.0	0.288285455	0.27534065	0.381702045	0.0	0.077132495	0.0	0.0	0.3423508	0.0	0.10726135	0.11009051	0.51072615	0.0	0.5678062333333334	0.0	0.0	0.3261219	0.0	0.26345445	0.184928205	0.0	0.0	0.2734516933333333	0.0	0.2478266665	0.0	45
68	ENSMUSG00000027022	Xirp2	0.0	0.0	0.0	0.0	0.0	0.0	0.0	0.0	1.1573756000000002	0.0	0.0	1.2364319333333331	0.4403928	0.0	0.0832053066666666	0.0	0.0	0.0	0.0	0.0	0.18404659	0.0	0.0	0.0451415973333333	0.0	0.0	1.519197666666667	0.016699945	0.0	0.15734467	0.074549685	0.0	0.1055086433333333	0.0	8.95491	0.005716441	46
84	ENSMUSG00000058006	Mdn1	4.542969333333333	1.6903478000000003	1.4432896000000002	1.1601772666666668	0.7219033666666667	0.8107349666666667	6.64055	3.9190533333333337	2.5710900000000003	2.880405666666667	1.062131	1.322853	1.952867	1.910769	1.0389101333333337	4.623114666666666	2.0209623333333333	1.3255755666666666	2.60793	1.2773480333333334	0.5960154333333333	1.6524353333333333	1.890963333333333	0.7701572333333333	4.743684666666667	2.2462323333333334	1.406887	2.4874173333333336	0.9693174	1.0907314333333331	2.282853333333333	2.813597	0.5613583000000001	1.83777	1.5478653333333334	6.36096	47
96	ENSMUSG00000019055	Plod1	11.514850666666668	16.957653333333337	23.95995666666667	6.5051533333333325	6.58351	15.012953333333336	1.7301765333333332	3.7570376666666654	10.199788	10.543809666666668	22.249053333333336	19.709473333333328	5.020067333333333	6.617417666666667	9.726653	5.141916666666667	2.8818966666666666	25.07291666666667	11.706882666666663	21.173516666666668	19.16586333333333	7.148188333333334	2.329752	12.989874666666664	3.1541250000000005	4.455708333333333	7.1903896666666665	7.756377333333332	36.3304	22.68782333333333	5.913866333333334	3.6466283333333336	14.104126666666668	2.826620666666667	9.454463	4.2128525	48
73	ENSMUSG00000016356	Col20a1	0.0	0.1613929866666666	0.5730061333333333	0.0	0.0	0.201206005	0.0	0.0	1.3805183	0.0	0.135851325	0.5278101466666667	0.058294455	0.0	0.1641918999999999	0.13325776	0.0	5.1447095	0.0	1.22801955	0.1995944	0.0	0.0	0.38833995	0.0	0.0	0.4670936666666667	0.3509523	0.2717308	0.4193649	0.34746735	0.0	0.11671369	0.0	1.927886185	0.33560675	49
7	ENSMUSG00000073616	Cops9	43.46647	68.45147	120.97071666666666	88.45598333333334	104.46016666666668	163.12466666666668	28.5046	71.77625666666667	147.01477333333332	67.28902333333333	99.67879333333332	113.84003333333334	108.54246666666668	225.67946666666668	243.0928333333333	49.84736666666666	100.29408333333332	117.80566666666668	60.56748000000001	130.43424666666667	99.86182	146.96313333333333	282.06493333333333	234.32926666666663	47.26987666666667	63.90655	243.9427	70.83935	73.88073	102.2523	132.02786666666668	334.7672	193.03843333333333	74.91064333333334	121.4456	39.38409	50
53	ENSMUSG00000002379	Ndufa11	20.510546666666677	31.884183333333336	42.30247666666667	48.14275333333333	63.85133666666667	64.55551666666668	21.769086666666663	45.17949333333333	48.29833333333333	45.75236	47.02588666666666	54.02030333333334	42.00795666666667	69.13615	75.22348666666666	34.83906	47.17356333333333	52.36658666666667	35.32343333333333	58.05099000000001	50.29576333333333	44.69969333333334	62.74667666666667	64.05109	34.1081	40.57794666666667	71.53088666666666	37.582143333333335	45.95846333333333	53.80043333333333	35.62208333333333	69.33832666666667	61.91568666666666	48.2214	63.10044333333334	22.77298	51
115	ENSMUSG00000051048	P4ha3	0.4789276333333333	10.509861666666668	16.339526666666668	0.02846911	3.3169500000000003	0.0	0.0	0.0	3.78133485	1.7681293333333332	24.42196	16.827646666666666	0.0	1.13418935	2.1531323	0.0	0.0	18.937382666666668	1.9141536666666668	17.359082666666666	13.336814333333336	0.0	0.0	5.9727229999999984	0.0	0.0	7.279222666666667	1.4448986666666663	29.927516666666666	19.637166666666676	0.0	0.514156675	0.042040595	0.50841271	3.521962666666667	0.02474807	52
128	ENSMUSG00000032612	Usp4	8.131069333333334	6.361143666666666	3.492479666666666	13.063181	8.733253666666666	6.911849	23.587460000000004	11.190985666666668	9.241930333333334	8.674861	5.124024	4.131093333333333	5.891669333333333	6.129005666666667	4.471706666666667	8.699220333333335	9.882053333333332	4.023373	7.940193999999999	5.993335000000001	4.414093	5.832463	7.350320333333332	4.461042666666667	10.150952666666669	11.354353666666665	5.380513666666666	5.984217	7.585002666666668	5.0982400000000005	5.652313333333333	9.780374333333333	6.110512333333332	10.268834	9.326701666666668	8.1930485	53
56	ENSMUSG00000057440	Mpp7	18.47095333333333	10.521717	6.964616333333333	19.90954	12.522876666666669	17.66171	61.3958	16.47832	3.1773813333333334	14.802591333333332	5.836731	2.272816666666667	10.854221666666668	18.43702333333333	10.519615000000002	64.90696666666666	8.460621000000002	4.041758333333333	11.006670666666665	2.9478006666666663	3.781409	14.399036666666667	15.479816666666665	7.293441	53.80326	11.292689333333335	6.527126	12.37358	4.152611	3.3373106666666668	6.925699666666668	26.04902	9.036286333333331	4.011450666666667	1.6861324	61.47111999999999	54
1	ENSMUSG00000101372	Gm19028	1.4445872381347502	1.111497019247761	0.3715841390028256	0.6999264994419804	0.330704522064465	0.3649404238922604	1.6248522915796333	0.486327126822734	0.348787174409841	0.7692701978192557	0.3179349626391943	0.3366527452982953	0.5151287267217474	0.1614411414872832	0.0	1.1674098862222944	0.447624393448876	0.3823473505800401	0.7615465913284111	0.399652749269709	0.2166608376056306	0.3297922889571815	0.0	0.1476222828703496	0.9347594405853272	0.6389164286861347	0.114060433736443	0.5828840912578598	0.3734569665642337	0.3675158810127964	0.3675999486215009	0.0555094473900344	0.2105715415237663	0.5391331924163744	0.3180448326730429	1.0400534520310436	55
48	ENSMUSG00000071172	Srsf3	96.77599	110.91792	52.71317666666667	68.26764999999999	65.48250999999999	49.79939333333334	170.8783	96.88372333333332	55.01527666666666	112.6421	73.36985333333334	43.90237333333334	55.927040000000005	65.15118000000001	45.32963666666668	142.71113333333338	95.23624	62.01241000000001	86.37376	68.90103666666668	48.85185666666666	44.95838	50.12675999999999	39.65663333333333	107.45129	95.79631333333332	50.06780666666666	81.39421	55.71258	37.129693333333336	53.46200666666667	56.24442	41.945863333333335	90.71429	75.20071999999999	133.3117	56
57	ENSMUSG00000005873	Reep5	35.089150000000004	44.53372333333333	54.64404	49.36699333333333	49.44898333333333	57.22058666666667	8.390697333333334	12.465432	30.079423	41.159886666666665	76.86902333333335	63.39028666666667	30.586896666666664	70.43992	73.39659999999998	13.175086666666669	23.62376333333333	63.77609666666667	33.35216666666667	117.47476333333331	82.19428333333333	41.7594	57.99782666666667	87.12138333333333	12.772036666666663	23.217120000000005	75.23122	31.35234	90.64821666666668	77.28698333333334	40.553886666666656	44.267990000000005	76.93966666666665	21.94393333333333	46.54500666666666	6.3015265000000005	57
136	ENSMUSG00000019558	Slc6a8	7.529733	7.771208333333334	15.015670000000002	1.4423903333333332	6.154348966666666	15.450763333333333	2.6527404	2.4639096666666664	4.63141	2.20973	4.403797999999999	7.613781333333333	4.239064	15.475293333333337	15.688523333333334	2.094469	2.155086333333333	5.356342333333334	4.786839333333333	7.948154333333335	8.008553999999998	6.300159333333332	10.261437	17.806816666666666	4.779148833333333	3.511476333333334	13.306043333333331	4.314959	2.941279	7.401330666666666	6.5500333333333325	2.0268649666666665	14.350888666666664	1.4903561333333333	1.9040193333333333	5.319891999999999	58
95	ENSMUSG00000028809	Srrm1	22.67109333333333	24.536796666666664	15.856136666666664	24.006666666666664	18.573986666666663	19.110056666666665	36.58161666666667	26.95874333333333	26.840836666666664	26.64849666666667	19.839256666666667	17.053169999999998	22.54171333333333	23.65331666666667	20.412046666666672	40.86811	33.06165333333333	21.957266666666666	25.37466333333333	15.281166666666666	12.07723	18.82147	18.93308333333333	16.043143333333333	27.90063666666667	19.99044333333333	15.03262	22.75391333333333	18.955246666666667	15.040083333333332	23.74321	26.2677	15.627226666666669	18.972363333333327	15.288673333333335	42.081735	59
14	ENSMUSG00000020176	Grb10	8.363447666666668	9.515206666666666	11.94251	0.033525715	1.435138536666667	0.5690023333333333	5.459769333333334	7.377702999999999	12.0902	5.434425666666666	9.922349	15.827089999999998	1.6030559999999998	0.0794514766666666	1.7270559333333335	6.850209	8.287697333333334	12.509456666666669	5.166748666666666	16.779630666666666	13.328413333333332	0.2818133233333333	0.6549077	8.052545	5.994570333333333	7.595068666666666	18.33334333333333	8.282053	10.635619333333334	12.87929	0.19853417	0.1780382533333333	0.2468867166666667	9.859039333333332	10.147496666666669	4.091722	60
59	ENSMUSG00000024869	Nudt8	0.4833260333333334	1.250012	1.7811130000000002	1.1428908666666668	1.1295606000000002	1.9035263333333328	0.6499143000000001	1.0625595333333333	1.876828	0.5629896333333333	2.583685	2.2263173333333337	1.087329	1.3076656000000002	2.35242	3.781691	3.064194666666667	2.627164333333333	0.7770015333333333	1.552644666666667	2.2757506666666667	1.5287313333333337	0.6570635333333333	1.7672396666666663	1.5447369333333334	3.1564406666666667	1.5665283333333333	1.1487546666666668	1.2602486666666668	1.8318133333333333	0.9153664666666668	1.1050352	1.6611656666666663	2.648477	3.4636566666666666	1.349308	61
89	ENSMUSG00000084159	Gm12696	34.28600333333333	34.74413666666667	23.73197333333333	28.5952	24.65021333333333	20.574523333333328	53.40577333333334	32.67743	23.72252333333333	32.01031	22.634560000000004	21.51981333333333	27.181736666666666	13.486146666666668	15.485620000000004	46.15994666666666	29.50701	21.546426666666665	27.295796666666664	22.13924333333333	16.930686666666666	18.49172	7.870414333333334	12.379163666666669	39.682466666666656	32.89085666666667	14.824819333333332	26.40834333333333	19.485616666666672	14.663623333333335	22.84622333333333	7.615877666666668	15.588496666666664	33.26400333333333	25.34474	48.11829	62
21	ENSMUSG00000075420	Smim6	0.0	2.9442580000000005	0.7078525	0.0	0.0	0.7784791999999999	0.0	0.0	9.72437845	0.0	0.0	0.46963012	2.3977093000000003	0.0	0.4505803	0.0	0.0	0.0	0.0	0.55037733	0.2122085333333333	0.0	0.0	0.8356064533333333	0.0	0.5614913	9.408722	0.90582805	0.6730027999999999	0.7850246	0.0	0.0	1.1395580666666667	0.0	35.79111333333333	0.0	63
23	ENSMUSG00000035597	Prpf39	34.117963333333336	24.01104	18.76280333333333	32.223099999999995	19.616356666666665	20.148456666666664	45.87307333333333	40.48433666666667	27.77466	32.08296333333333	26.73441	17.26746	30.972873333333336	18.347506666666664	15.498216666666664	83.36304	43.89689333333333	33.61848666666667	26.01687333333333	16.108877333333336	11.164957333333335	23.88277333333333	18.968913333333337	9.720516666666668	50.46419666666666	27.764436666666665	10.077594	26.92996333333333	21.72338666666667	12.470606666666669	24.891206666666665	20.82788333333333	13.280336666666663	26.402896666666663	24.874893333333336	67.851055	64
119	ENSMUSG00000000031	H19	0.152156215	8.19016893	38.52281	0.0	5.848767400000001	1.4898723333333332	0.0	2.363934	12.900236666666665	0.0	22.139633333333336	85.08509666666667	0.0	7.379978666666666	20.33596	0.0	8.614631666666666	82.83813666666667	0.068927355	6.127195333333334	8.702167333333334	0.213330585	0.0	2.22493215	0.0	1.8807225333333333	24.53643233333333	0.1033051	12.358378666666669	24.20527	0.0	0.0	0.43053415	3.793035	47.50891000000001	2.136305	65
37	ENSMUSG00000021928	Ebpl	5.565008333333334	11.978233666666668	18.69745	4.901304666666667	6.945608999999999	12.070813333333335	1.82246965	2.36402417	6.045368333333332	11.683490666666666	22.662646666666664	32.23252333333333	7.061824000000001	18.73965	25.68254333333333	4.733790666666667	5.028236	24.169480000000004	10.696229333333337	21.86925666666667	19.134326666666663	9.952337	5.084857666666667	22.53685	7.452159999999999	5.197806666666667	18.109116666666665	15.81966	15.8607	23.222306666666668	12.673106666666667	2.880314666666667	17.211723333333335	5.1977546666666665	6.736916666666668	0.9889995	66
103	ENSMUSG00000048988	Elfn1	0.0	0.0	0.0641733533333333	0.0	0.0	0.0	0.0	0.0	0.0	0.0	0.0	0.1329362066666666	0.0	0.0	0.0528957866666666	0.0	0.0	0.0	0.0	0.284271615	0.19680767	0.0	0.0	0.0	0.0	0.0	0.1381013233333333	0.141948515	0.225720535	0.2324827	0.0	0.0	0.3737822550000001	0.0	0.1109618866666666	0.0	67
52	ENSMUSG00000049760	2410015M20Rik	46.33571000000001	70.74562333333334	105.51119666666666	73.15039666666667	85.36001333333333	112.77602000000002	63.63869666666667	53.11650666666667	85.45835666666669	74.92232	96.51239666666667	113.52476666666666	78.42199000000002	113.60889666666668	147.86944666666668	72.38176999999999	93.58849	115.13988	58.93869000000001	107.97747	116.68043333333334	99.83656666666668	85.76318666666667	113.37206	66.49449	81.48362666666667	118.95006666666669	61.76315333333334	103.85404	106.5912	80.47372333333334	87.79286	121.80393333333332	81.15159999999999	112.50013333333334	50.246595	68
121	ENSMUSG00000035559	Mpv17l2	9.061040333333333	19.710056666666667	20.787913333333336	15.170863333333337	14.415357	32.83719666666667	4.229778666666667	10.474025666666668	10.602830666666668	23.596270000000004	26.53682	30.79583333333333	13.703215	18.815023333333333	32.90546	12.198582333333334	17.464626666666664	23.82312333333333	23.02553333333333	25.88117333333333	30.91368	26.51132	8.668978833333334	30.765366666666665	13.428639	20.107816666666672	19.802296666666667	28.213736666666662	30.77432666666667	30.849390000000003	15.858316333333336	10.747331	49.58912333333333	21.910466666666668	27.587020000000003	11.0743305	69
25	ENSMUSG00000002020	Ltbp2	0.0	5.463844666666668	2.336904	0.0	0.0	0.0	0.0	0.036715667	0.5652850666666667	1.27188925	1.9235153333333328	2.4013256666666667	0.0	0.0	0.7379090666666667	0.0	0.0	2.978253	0.0	10.264196	10.424062333333334	0.11701191	0.0	4.130277666666667	0.0795168229999999	0.33586085	4.603915	0.0	6.130128666666668	5.014339666666666	0.01884274	0.0	0.0	0.0	1.1846129666666665	0.0	70
80	ENSMUSG00000028111	Ctsk	175.39933333333332	304.8879333333333	882.6814333333333	8.032832333333333	75.22377233333333	84.09862333333334	0.149646625	2.024145766666667	99.74266666666666	383.54583333333335	622.8422666666668	1121.0356666666669	23.04898	50.367774	45.85704000000001	2.07087259	1.3198835	737.2760333333333	267.9289	172.1739	301.76556666666664	16.542010666666666	10.646049666666665	76.79449333333334	20.66654	7.829105333333334	64.98767333333333	269.01753333333335	306.5150333333333	469.3215	12.819280333333332	18.219040000000003	34.10605999999999	3.2363722000000004	74.49106333333333	4.6507935	71
62	ENSMUSG00000024754	Tmem2	3.5608207000000007	2.951507666666666	6.825864333333333	2.797307333333334	4.439520666666667	5.244297666666665	2.5211465	0.7734951999999999	5.974750666666666	1.5719623333333332	2.650813333333333	5.117302666666666	9.588035666666665	7.324415333333333	6.819884333333333	0.6436684166666667	0.4157093000000001	5.410484666666666	1.4913550666666666	6.751558666666668	6.886752333333334	9.256933333333334	14.263536666666669	13.598839666666668	1.6605952333333331	1.4346978666666663	13.674316666666664	1.6158476666666666	4.960194666666666	6.806501333333333	7.287210666666668	15.741913333333336	5.478247666666667	1.9597883333333337	4.208510666666666	1.07430205	72
61	ENSMUSG00000036372	Tmem258	49.034333333333336	84.66967666666666	121.62383	90.93097666666668	91.37092666666666	93.67199666666666	26.580626666666664	52.43303666666666	77.71374	81.67975	143.81583333333333	153.10856666666666	90.54659	85.71823	131.20828666666665	43.22418666666667	81.28936999999999	143.70493333333332	67.97108999999999	182.7362666666667	159.3252	102.50843666666668	99.44327333333332	117.82176333333332	42.96116666666666	72.01736	125.82346666666668	79.63512333333334	171.8011	160.8456	87.52834333333332	113.69683333333334	101.61894	77.81740666666667	120.242	36.70249	73
50	ENSMUSG00000024012	Mtch1	9.569349666666666	35.51286	35.89569333333333	5.5854056666666665	10.993089333333332	8.676312999999999	5.992780333333332	23.84716433333333	20.542213333333333	10.009612333333337	19.644416666666668	31.17216666666667	8.820016666666666	9.934313666666666	12.268185333333337	4.547216333333334	13.357707666666668	21.22774	14.29135	23.940186666666666	24.39414	8.560370666666666	23.52689666666667	24.87511	4.450664333333333	8.286031	37.34294666666667	18.99975	13.961953333333332	25.11611000000001	10.570080666666668	18.68544333333333	10.751511333333331	14.805496666666665	21.56705333333333	3.921679	74
44	ENSMUSG00000022935	Grik1	0.11347109	0.0	0.9004459333333332	0.0	0.0	0.0	0.0	0.0	0.3064288033333333	0.0	0.05611804	1.03326755	0.057853025	0.0	0.0	0.0	0.0	0.305894695	0.0	2.128607	1.1664728999999998	0.15994465	0.0	1.4560031000000002	0.0	0.0	0.4393528066666666	0.070233035	0.3763135999999999	0.6151215999999999	0.0	0.0	0.5624608	0.0	0.132900785	0.0	75
54	ENSMUSG00000024095	Hnrnpll	9.061096333333332	9.192343	4.120768666666667	5.718204333333333	4.176920666666667	4.243832666666667	15.923643333333333	6.574898333333333	5.832216000000001	5.506387666666666	5.344773666666666	4.5406846666666665	8.183612000000002	6.524741333333334	4.970707	8.872583333333333	7.572240999999999	5.169735333333334	9.043886	8.114819666666667	6.935094666666667	7.847740333333332	7.3706520000000015	5.309667666666666	9.061675666666666	13.093393333333331	5.693402	7.415038666666668	6.079010333333334	5.754117666666668	9.154019	11.051834333333332	4.640765333333333	10.342419333333334	7.225435666666668	16.1737775	76
49	ENSMUSG00000052712	BC004004	6.7680593333333325	12.277263333333332	15.340623333333332	8.197559333333333	7.173104333333334	17.613133333333334	5.281071666666667	7.900680666666667	12.521188666666667	10.804635	22.009	22.85598	14.443476666666667	10.468866	16.208233333333336	6.932301333333332	10.913245333333334	20.79056333333333	8.883825	18.988357666666666	21.00433	14.264753333333331	5.503837333333332	15.031552666666665	7.779527333333334	8.684965	10.731445	12.46977	24.07147	23.42188	8.170674333333332	5.019915	21.733	8.624697666666668	14.56026	2.998203	77
109	ENSMUSG00000004980	Hnrnpa2b1	396.9730666666666	395.5503000000001	189.4213333333333	263.1955666666666	223.27716666666663	181.48276666666663	700.1095333333333	399.9603	325.4336333333333	355.9854333333333	238.69926666666663	175.22353333333336	281.30736666666667	171.4557333333333	165.96223333333333	681.8575666666667	367.9203	251.44833333333327	403.73490000000015	315.2126	236.39816666666667	212.8483666666667	233.1565	176.85866666666664	654.0323666666667	453.04873333333336	211.5995	332.7124	283.10903333333334	211.12160000000003	223.99400000000003	233.62686666666664	181.7026	466.77833333333336	371.8178	713.1487500000002	78
66	ENSMUSG00000044627	Swi5	20.477736666666672	36.62282666666667	39.96544	21.83969	23.00288666666667	27.904823333333336	31.65365	31.59411	30.734576666666666	36.858826666666666	44.46247666666667	43.79913333333334	22.16528333333333	26.36832333333333	32.16266333333333	28.69088666666667	34.764230000000005	45.94559999999999	29.311436666666665	66.74955333333334	51.94958666666667	22.40693	29.70520333333333	38.25934	29.98061	32.28875333333333	37.075426666666665	30.698310000000006	59.62134	55.57304	19.02002333333333	20.81508	31.519386666666666	35.14194666666667	45.15475333333333	26.32143	79
78	ENSMUSG00000028070	Naxe	66.06609333333334	105.55495666666668	120.14298666666669	51.60655	48.96600666666666	101.32526333333334	18.677386	35.17895666666667	85.57008333333333	111.01805333333331	144.7645666666666	143.71163333333334	84.59209	80.29143	110.21745333333332	44.69068666666667	78.41100333333333	119.45702	116.5107	128.72196666666665	126.93146666666668	77.72508	39.13593333333333	107.24418	53.03219000000001	53.02162000000001	73.17699333333333	94.97556666666668	124.9642	141.2318	64.02520333333332	45.047990000000006	126.91297333333334	67.50933333333333	103.34513666666668	39.600115	80
41	ENSMUSG00000068220	Lgals1	819.9930333333333	2083.177	2084.2813333333334	871.4826666666668	1293.8844666666666	1630.8733333333332	405.6319666666666	1751.7686666666668	2394.107	1169.986	3319.4040000000005	2193.1386666666667	1591.4496666666666	1753.8893333333335	3085.021666666666	701.5667	2453.356666666666	3015.514000000001	1256.7143333333331	4266.144	3552.133333333333	1767.9013333333332	876.2120333333335	3415.67	1389.5327666666665	4200.416666666667	3550.374666666666	1115.5197666666666	3774.19	3102.148333333333	1327.6436666666666	802.4952666666667	3834.596333333333	4924.871666666667	5351.057666666667	755.07425	81
135	ENSMUSG00000001131	Timp1	28.92158333333333	456.556	699.4540666666667	25.359652	110.76813	126.51993333333331	16.389928166666667	155.47773333333333	212.2093333333333	103.64151333333332	684.2637666666667	746.8247	14.716860333333331	13.439850666666668	163.28749333333334	22.70360933333333	307.78363333333334	1172.5041	118.94453	2357.613666666666	2349.7616666666668	32.87232366666667	53.46652666666666	693.4444333333334	45.63543233333333	185.4805333333333	901.6691333333332	32.113166666666665	1681.7896666666666	1960.6056666666664	27.683917710000006	397.41796	116.11502	156.85276666666667	437.0009666666666	15.417370000000002	82
107	ENSMUSG00000073155	1810058I24Rik	12.270658	20.16815	36.82325	21.064216666666667	29.39753666666667	35.01459666666667	11.014380666666668	14.40715	33.62927666666666	27.390636666666666	47.60818333333333	60.643980000000006	32.93821666666667	41.44911666666667	74.21433999999998	7.826598	27.75335	50.00073333333333	18.297320000000006	34.40646666666667	33.34109	36.56325666666667	30.74437333333333	52.30200333333333	10.753550666666667	14.542306666666668	38.867763333333336	21.89736000000001	36.513043333333336	46.56426000000001	34.68108333333333	22.17142	55.64158666666666	16.124746666666667	28.864303333333336	8.161205	83
88	ENSMUSG00000028364	Tnc	0.31651393	23.510775666666664	36.265696666666656	0.027801995	4.810759609999999	0.25001845	8.304335333333334	6.3618830000000015	13.847872	0.09029045	42.727996666666655	23.69809	0.0	0.3697068666666667	1.0078249333333331	0.6135973333333333	11.014872	61.27236666666666	1.3259147666666666	141.58303333333333	108.33845	0.062943275	0.12155698	18.81262333333333	1.4016786	3.2741920000000007	37.64530333333335	0.24530241	109.81118	110.05259	0.0	0.81168618	0.0874609066666666	2.887077	17.517993	1.208393055	84
13	ENSMUSG00000009079	Ewsr1	29.601413333333333	30.05351666666667	16.54337333333333	39.5826	20.13430333333333	21.79866	72.10852999999999	45.62326666666666	38.09324	25.383930000000007	20.218583333333328	14.92685	25.73190333333333	18.894546666666667	15.66539	51.28432333333333	41.27112666666667	21.944446666666664	29.17891	21.42334	15.060429999999998	24.29974	29.78055	16.795796666666664	50.74588666666667	33.02670333333334	15.403303333333335	23.97849333333333	26.76850333333333	15.181019999999998	22.00515	30.63916333333333	15.882266666666668	42.22177	30.93399	67.784165	85
51	ENSMUSG00000024038	Ndufv3	21.73774	28.38890333333333	41.38907666666667	31.222916666666663	33.16582999999999	54.05380333333333	9.738195666666668	16.605673333333332	33.476040000000005	43.69735333333333	52.55721666666667	57.80020666666667	34.786006666666665	58.95029666666667	73.08051	15.526143333333332	27.56330333333333	51.37834	33.524606666666664	45.61503000000001	49.063	38.5507	40.20461666666665	66.44425666666666	17.921753333333328	19.25746	54.39536999999999	35.84892	40.87569666666667	49.27973	29.63564333333333	52.63864	57.27756333333334	19.47432	32.953570000000006	12.298694	86
132	ENSMUSG00000031158	Timm17b	6.33402	8.972205666666666	14.33291	11.873613	7.722612000000002	11.850098333333335	7.433035	7.014375	10.172173666666666	12.757023333333333	22.58517	22.34880333333333	12.765656666666668	10.682599333333334	19.509	3.845361000000001	12.405184666666663	18.66758	13.966406666666664	24.76634	25.50328	13.08645	4.639307	16.555354333333334	9.205247666666668	13.152976666666666	14.92514	10.405676666666666	27.49537666666667	27.402583333333336	9.829472666666666	8.446622	18.683486666666667	16.346166666666665	22.28298666666667	2.0713045	87
38	ENSMUSG00000039065	Fam173b	0.8503036	1.4945726666666663	1.9554916666666669	0.5294649966666667	0.5147859333333332	0.6909385666666666	0.4545592749999999	0.7967718333333332	2.3429585	1.0272670333333334	2.0214996666666667	2.332386333333333	1.2136582	1.2500550666666668	1.731391	1.5190859666666665	1.999131	1.5567525666666666	1.2252862666666668	3.0297653333333336	3.997674	1.2994731000000002	0.0	3.531505	0.8320586666666666	1.5134633333333334	2.7270393333333334	0.8912887666666668	2.594348666666667	2.288907333333333	1.4430274533333336	0.9885526333333332	2.945904	1.3153766666666666	3.684710333333333	1.109102	88
126	ENSMUSG00000015027	Galns	3.2830700000000004	3.9434006666666654	8.120945333333333	11.754026	6.356012000000001	21.76316666666667	0.0	0.04253331	3.599100333333334	3.710401	9.236837666666666	8.567120000000001	3.099528333333333	5.705426999999999	9.366507666666664	0.0	3.271366	9.148931666666668	4.933179	9.161663	11.105029	15.628455666666667	6.910021333333333	25.934736666666662	2.6634975	4.172918433333333	12.94221	2.1925803333333334	12.378343333333332	10.956348666666663	4.351400333333333	12.215546000000002	57.14813666666666	4.344021333333333	12.681972	3.894064	89
67	ENSMUSG00000039195	1110008P14Rik	2.522594	4.7380233333333335	10.712111666666669	6.213702333333334	10.056326666666664	12.032586	1.6915386366666667	6.0047830000000015	10.086424	8.980096333333334	8.108840666666666	11.965155333333335	5.909740333333333	9.166502	12.296491333333336	0.42353	6.6222499999999975	11.317419999999998	3.860405333333333	5.477142	6.99384	7.136594666666667	5.804711999999999	9.971799666666668	4.205088333333333	10.193513666666668	9.966246333333334	6.644030333333332	6.056329000000002	9.772207000000002	7.303656	7.914777999999999	12.154182333333331	12.748873333333336	21.827766666666665	1.0648538	90
0	ENSMUSG00000026154	Sdhaf4	9.374706874694729	12.772967626225464	27.82423211941287	5.671751492912788	11.260086497783613	16.675179970566735	0.0	6.2999481119939125	16.657781440196594	17.1645336453355	33.21735923841413	46.92440095664338	23.145139007337004	31.81842892691587	56.038237432390176	1.5008008979717442	16.849629076490732	23.847158757151306	13.015470704584432	35.650973219130776	35.41536035347567	30.243431303939676	26.956592417692203	48.07609476193525	14.046585731466893	20.944599437306035	45.17418605853117	21.242279664223567	26.628339354675003	33.8621519168675	21.526736705392462	31.64992535493283	47.89933344084022	26.17041775642507	48.27266483475137	4.519765134858481	91
98	ENSMUSG00000038803	Ost4	33.717040000000004	54.49610333333334	90.97732666666668	59.60469000000001	64.52445666666667	81.89229333333333	19.664773333333333	28.47616333333333	36.40797	71.69489	109.13896666666666	126.9606	95.55193333333334	100.60392666666668	145.48646666666667	33.62739333333333	41.61496666666667	100.96354333333332	46.27569666666667	103.50368666666668	101.13307	66.08548	56.00298999999999	101.13403	28.956510000000005	31.34972	81.89936333333334	54.17389666666667	97.8138	121.297	68.03668666666667	60.24462333333334	75.45103999999998	34.36778666666667	63.6441	27.365465000000004	92
110	ENSMUSG00000014748	Tex261	10.842372	12.783886666666668	14.841893333333337	11.791303333333332	12.673683333333337	18.841486666666672	11.73027633333333	16.615416333333332	14.447421	12.914848	13.537366666666664	16.727919999999994	10.730989	13.982593333333332	16.941390000000002	8.597098333333333	10.435133666666667	15.185536666666666	11.795806666666666	18.97151333333333	15.23964	11.904627	8.330408333333333	14.855103333333332	7.479154666666666	15.824173333333333	14.43545	13.076643333333337	20.18662	19.300093333333333	8.336877999999999	13.498192666666668	20.44654	16.14626	17.386113333333334	7.310727499999999	93
124	ENSMUSG00000014856	Tmem208	14.95351	36.998066666666666	44.36255	58.68251666666666	58.97746	76.64744666666667	28.70137	43.37718333333334	44.51368666666667	34.18702333333333	53.85768333333333	58.13195	46.2009	56.69685333333334	63.97689	36.71421	52.99420333333334	67.85118	27.12725666666667	61.83138666666667	62.19995	48.824540000000006	49.096790000000006	65.25765333333332	21.84407	38.42447333333333	55.72149333333334	33.18730666666667	67.24325666666667	61.97812666666667	38.92359666666667	56.36937	62.86605	39.37094	56.44213333333334	30.021745000000003	94
47	ENSMUSG00000023904	Hcfc1r1	38.71548333333333	63.56226666666666	101.91476	37.375373333333336	42.33417	75.09543333333333	16.083346666666667	32.78480666666667	46.32756666666666	86.67551333333334	137.26826666666668	166.3117	61.56689333333333	78.11161333333331	127.62891	37.26671333333333	43.25084	117.87293333333332	65.42881	119.31493666666664	107.02320000000002	61.95402000000001	30.889813333333336	113.42216666666666	59.16660666666667	46.88537	96.03289666666667	70.29387	102.47229666666668	113.04573333333332	50.63988333333334	39.786	84.69179333333334	53.29969666666667	101.81676666666664	19.29005	95
138	ENSMUSG00000002014	Ssr4	36.53107	61.96637000000001	94.80225666666666	64.01652	57.62087666666668	83.56905333333333	31.54145	29.31951666666667	29.80861666666667	73.89582666666666	101.79980666666668	100.55422	58.96321666666666	69.32985666666667	78.49067666666666	38.51137333333333	41.98936	99.69867	50.32177000000001	129.65716666666663	139.8162	75.37940666666667	55.89649333333333	112.0304	20.55363	35.25088333333334	85.98073666666666	61.72382	126.51230000000002	155.04493333333338	50.79981	55.41517	88.71749	31.050666666666668	58.33611	26.443985	96
134	ENSMUSG00000031059	Ndufb11	78.79395666666667	91.84079333333334	138.44506666666666	120.35711	104.41242666666666	114.62221999999998	68.67926	80.11187666666666	110.24724333333332	140.87953333333334	143.24223333333333	138.11426666666668	113.12694666666668	161.28549999999996	168.58446666666669	85.32015	147.1789	142.6503	91.23740333333332	126.69618666666668	123.8834	96.39481	125.07890000000002	136.11956666666666	92.63927666666666	93.57184333333332	164.08533333333332	112.41873333333332	104.42733666666668	118.45926666666666	95.08028	117.5169	129.20433333333332	103.59913333333334	149.6233333333333	67.95185500000001	97
82	ENSMUSG00000028037	Ifi44	0.476651625	0.7665595113333333	6.357056	0.8729662499999999	1.99812675	1.670942666666667	0.0	0.0	0.0	0.0	2.439611033333333	6.612695666666667	0.0	0.3967183666666666	5.0123033333333336	0.0	0.0	1.8063026666666664	0.07805453	3.9833313333333336	5.910261333333334	3.333128933333333	4.908209333333333	6.506916333333333	0.0	2.889764533333334	5.859306666666666	0.0	5.036476	6.856890333333332	0.6217711499999999	1.3963404333333334	2.4714726666666667	0.1582417149999999	0.9401477333333332	0.0	98
77	ENSMUSG00000027829	Ccnl1	101.01871333333334	110.52611666666668	42.09313333333333	35.6568	34.93267	34.17581	56.76450666666667	52.39887666666666	27.186020000000003	90.22772666666668	48.70759333333334	39.43240333333333	64.13572666666667	41.66385333333333	36.51369	79.78728666666667	36.922253333333344	37.86923333333333	124.69295	48.28833666666667	38.502946666666666	55.11041666666666	63.08027666666667	44.75769	73.18183333333333	24.1402	40.64516666666667	113.40991	33.741976666666666	40.92096	76.05568333333333	87.85431000000001	33.32876	18.641293	21.19003	114.48735	99
130	ENSMUSG00000049719	Prss46	0.0	0.0	0.0	0.0	0.0	11.334476	0.0	0.0	0.0	0.0	0.0	0.0	0.0	11.3238215	8.7606585	0.0	0.0	0.0	0.0	0.1363632499999999	0.60012955	0.0	0.0	3.3749885	0.0	0.0	2.1392195333333333	0.0	0.46629961	0.5405430999999999	0.0	0.0	5.046000666666667	0.0	21.926070000000003	0.05594977	100
28	ENSMUSG00000018102	Hist1h2bc	78.85343333333333	514.9271666666667	751.0532333333334	85.98073000000001	294.1973	565.3999	43.826640000000005	297.75646666666665	745.2202666666667	89.68418333333334	402.4127333333333	389.4301333333333	254.8232	215.6764333333333	392.9532	19.504659333333333	229.04116666666664	562.255	110.60384333333332	430.67896666666667	463.92183333333327	331.1965333333333	135.96103333333335	401.3735333333333	71.66226999999999	158.23612333333332	400.81463333333335	100.61552333333331	420.13296666666673	412.83183333333335	230.26803333333336	87.73931666666667	252.2302	185.69683333333333	339.7819666666667	44.705973	101
26	ENSMUSG00000066363	Serpina3f	0.0	8.964952623333334	2.3211942666666663	0.0	1.6993857666666672	1.5437240333333335	0.0	0.0	1.943279	0.0	0.0	1.6192272633333331	0.0	0.0	4.728046	0.0	0.0	0.0	0.0	1.1443735000000002	6.803347666666666	5.9525673333333335	0.0	1.1148207	0.0	0.0	0.9576304666666666	0.0	0.922589	2.6038783333333333	0.0	0.0	0.4254182333333333	0.0	0.0	0.0	102
63	ENSMUSG00000045104	Gm5514	0.0	1.6676735	1.663745	0.0	0.8492812999999999	0.0	0.0	0.6115936	0.0	0.0	0.0	2.4212956	0.0	0.2200204999999999	1.0766105	0.4481996333333333	0.0	0.60944355	0.0	0.0	1.9393543666666668	0.0	0.0	0.520436	0.5404867999999999	0.7063633	2.4843745	0.0	0.5855446333333334	1.0381243333333332	0.0	0.0	0.9230898	0.25921045	0.9780929333333334	0.0	103
97	ENSMUSG00000029004	Kmt2e	23.36048333333333	18.16024	10.578188666666668	19.768526666666677	14.13278	8.547773000000001	14.332543333333335	8.843036333333332	9.454420333333331	15.043196666666669	11.1782	5.926920666666668	12.19517	9.414484333333332	9.792077666666666	21.282076666666672	12.768881	10.493975	13.49247	9.799574333333334	9.187936	12.71	10.437217000000002	8.455053	13.71075	10.126387666666666	8.665348	15.727406666666669	10.904243333333335	6.937409	12.886606666666667	19.25658	8.315111666666667	10.081612333333334	8.399588	19.313305	104
40	ENSMUSG00000022440	C1qtnf6	0.7245298000000001	7.752584	24.25812333333333	0.39816755	3.3420846333333336	2.156378	0.0	0.8498702666666667	2.3059915	2.463111	18.317246666666662	29.9301	2.1730995	0.443740895	3.0433915499999995	0.24466974	0.5733551666666666	20.76541	0.8806909333333333	24.127296666666663	21.95666	1.255845	0.6800896666666668	11.950924	0.0	0.4492755666666667	11.539023333333333	3.345658	17.802386666666667	24.48969	1.008131	0.0	0.8271564	0.8575265999999999	4.949123	0.0	105
69	ENSMUSG00000085135	Gm13713	0.0	0.0	0.9437970666666669	0.0	0.0	0.0	0.0	0.0	0.0	0.0	1.7926939999999998	0.7771837333333332	0.0	0.0	1.134499	0.0	0.0	0.9330463	0.40341165	0.0	1.0735443	0.0	0.0	1.1746960666666666	0.0	0.0	3.3299046666666663	0.0	0.53528432	1.3375722666666665	0.0	10.2559545	0.27273755	0.0	0.5682159666666666	0.0	106
65	ENSMUSG00000051154	Commd3	13.179529999999998	40.09028666666666	48.98178666666666	14.350853333333331	22.269746666666663	34.68888	14.049467000000002	37.778650000000006	62.37301666666667	33.256573333333336	65.06390666666667	78.65670999999998	41.76711	35.98690666666667	74.06298000000001	16.920096666666666	61.87276	68.38849333333334	31.71618333333333	68.80461333333334	62.6694	44.76842666666667	16.94047	56.16984666666666	22.34399666666667	46.10685000000001	54.32808666666667	30.77104333333333	60.18379333333333	58.09764000000001	30.435086666666667	13.366689333333332	66.10957666666665	54.68364666666667	85.65140000000002	17.097835	107
118	ENSMUSG00000054555	Adam12	0.0	1.5974034666666668	6.6718090000000005	0.0	1.19502147	0.0	0.0	1.0852529	0.7624263333333333	0.0	3.2155253333333333	9.285966333333333	0.0	0.4570409	1.0410507	0.0	0.8893023566666667	6.480127	0.0	9.060665333333333	8.131738666666667	0.0	0.0	4.798615333333333	0.0	0.4269334366666666	4.010081333333333	0.0	5.409563333333334	9.129765333333332	0.0	0.0	0.059059605	0.2956977939999999	1.4781719999999998	0.0	108
60	ENSMUSG00000024845	Tmem134	6.446980333333332	9.458842333333331	12.532263333333333	8.665906666666666	9.518228333333337	12.406836666666663	5.1238676666666665	4.869229333333333	10.817903333333335	12.103106666666667	18.493303333333333	19.322666666666677	8.062377333333332	18.305316666666663	16.89412	10.111432333333331	10.13693	16.546113333333334	10.128818333333331	12.388613333333335	14.747233333333336	10.484056	7.303354666666666	13.705847	7.912811333333333	10.756739666666665	10.977842333333331	9.959757666666668	13.717563333333333	15.215686666666665	7.776706999999999	10.128107666666669	16.190803333333335	11.17679	13.704520000000002	5.7698945	109
141	ENSMUSG00000025289	Prdx4	64.79485	122.43183333333332	114.34383333333336	50.19315333333333	44.13281	48.84041	23.27599333333333	53.69747333333334	72.30984666666667	98.56281333333332	172.7985666666667	161.566	73.20198666666666	86.02667333333332	96.63113	32.24930333333333	78.84847666666667	191.986	69.71	242.4424	232.9136	53.19295666666667	26.070670000000003	117.66503333333333	38.82675	77.51052666666666	131.15073333333336	73.85121	219.0085	250.3009333333333	53.03397666666667	27.53511333333333	93.46350666666667	84.72169333333333	89.64010999999999	49.543635	110
64	ENSMUSG00000041035	Gm17018	3.7415849999999993	5.476588666666667	9.134824	4.445433	4.820031666666666	9.887305333333332	2.4911220000000003	7.583038333333333	4.057106999999999	8.506929666666666	12.251136666666666	12.879040333333334	9.485862666666666	12.740983333333332	16.250383333333332	2.286934	6.056839666666666	11.290213	5.627246	18.232701666666667	14.06521	10.638855333333334	3.877521	17.993263333333335	6.303417333333332	10.294990333333333	14.234973333333334	5.364082	10.952284	10.998513333333335	8.117414000000002	7.482259666666668	17.87965	8.260528666666668	8.902719333333332	4.3980820000000005	111
85	ENSMUSG00000028295	Smim8	4.911753666666667	10.202181333333332	10.365142333333331	2.350385	6.782211666666666	5.875171666666668	7.762347333333333	8.731611000000001	6.878090666666666	7.42015	14.435443333333335	14.320003333333334	9.801436666666666	10.051611333333334	17.933356666666672	2.537829	4.422071666666667	10.380181333333333	7.010996999999999	11.803213333333336	13.562876666666668	10.502151666666666	2.2316893766666666	15.732350000000002	5.793986999999999	10.393746333333334	17.14464666666667	8.129026333333334	11.734662333333333	13.176776666666669	8.935327666666668	5.713437666666668	11.105757000000002	7.2390766666666675	14.924546666666664	0.4806353	112
120	ENSMUSG00000036199	Ndufa13	83.07384333333333	132.78332333333333	200.95946666666669	163.33956666666668	167.90433333333334	214.9466333333333	48.78442666666666	119.26573666666668	140.06936666666667	162.1786	200.4242	238.74416666666667	157.66676666666666	246.7588333333333	270.2404666666667	87.28242999999998	151.72136666666668	216.89983333333333	109.84448	180.15240000000003	168.92673333333332	165.57686666666666	218.26716666666667	243.07476666666665	89.64246333333334	111.59596666666664	244.55956666666663	129.05556666666666	142.11270000000005	178.6571	140.28216666666663	249.5751	170.83863333333332	125.6386	197.5390333333333	76.35634499999999	113
81	ENSMUSG00000034437	Gm9761	32.69423666666667	26.472556666666677	16.335863333333332	28.70096	26.52329666666667	17.028673333333334	73.59137	37.94520666666667	16.601683333333334	49.59536	22.76911333333333	13.177086666666668	20.153446666666667	28.27765	20.307853333333327	67.07927	35.60632333333333	21.04229	27.59512666666667	24.09763	18.708856666666662	15.18677	17.11877	16.443996666666667	40.422673333333336	43.36637333333334	17.379953333333333	31.72307666666667	18.884106666666668	13.02209	20.446413333333336	15.530926666666668	19.53897333333333	41.29244666666667	28.254166666666663	51.617525	114
92	ENSMUSG00000028648	Ndufs5	21.662736666666664	35.48599	48.46349333333334	32.707836666666665	38.86108	64.76798666666666	19.240426666666664	43.12823666666667	56.54405333333333	43.42552000000001	65.2633	62.20203000000001	51.61821	75.31377333333334	92.17649666666668	36.25274666666667	57.57512	55.36252	30.975156666666663	73.79838333333333	65.41082666666667	56.656560000000006	55.56041666666667	85.11347666666667	41.00157333333333	63.21385	109.506	38.90615666666667	57.04920333333333	64.73100000000001	44.77082666666666	52.85634	76.94434333333334	68.07992333333334	102.06861	22.09335	115
108	ENSMUSG00000029838	Ptn	2.5950037933333334	96.13527333333332	189.3113233333333	0.0349829166666666	4.573703166666667	0.6642630666666666	0.059715675	0.2876964533333334	57.57057333333334	2.8106843	193.4984	276.04776666666663	0.0	2.3664898300000003	6.084860666666668	2.066184155	4.209853333333334	428.31383333333326	1.288961866666667	39.456343333333336	12.682256666666667	0.0	0.0	7.289573333333332	0.0	2.17671265	4.119695666666666	0.41755235	80.85336666666667	29.612340000000003	0.037927855	0.0	0.0670335999999999	4.666488999999999	7.939906666666666	0.01994677	116
111	ENSMUSG00000082691	Dynlt1-ps1	30.119370000000004	50.27052	78.33878	64.68909333333333	65.91888333333334	43.87616	7.423001666666668	22.24372	50.130390000000006	73.89057000000003	122.7105	134.56413333333333	81.59959333333333	84.60367333333333	160.6788	11.031972666666665	54.62266999999999	102.33235333333334	51.20464000000001	157.04643333333334	143.8216	78.27135	47.93951333333333	127.97076666666663	24.99234333333333	81.37089999999998	118.75848333333332	64.37062333333334	121.03333333333336	129.50426666666667	65.51333000000001	33.12489	141.22813333333335	98.43005666666666	120.68593333333332	9.5494655	117
2	ENSMUSG00000026087	Mrpl30	22.069027368990664	25.173005159490067	43.72476810281943	16.8398614592205	20.386268693436133	26.00312108366123	20.09914104207437	31.424203447937643	30.086606063702703	25.997990567019063	40.124787590003926	58.1987597336759	20.691463371847828	27.018295518870637	38.08316521516026	20.06517445651264	35.46940889236017	45.124491244635	25.89502819886397	36.678682845709794	38.42184360288147	22.97424613789043	32.07773681642447	34.329907371062205	24.721380848941504	34.97109947733646	32.878456544050735	19.962932849453267	27.78890132019333	33.1286543634591	15.6604061414421	23.19299020921693	32.74209202001987	38.3386122791182	40.461610640618034	11.93497646317307	118
112	ENSMUSG00000041560	Nop53	32.21320666666667	26.281796666666665	22.774396666666664	30.12574666666667	23.441996666666668	20.479513333333333	47.69801333333334	25.71820333333333	22.76441333333333	24.71612333333333	18.679123333333337	18.144213333333337	23.53906	17.482823333333332	18.502076666666667	51.64274	31.65242333333333	19.34447333333333	27.18934	14.23981	12.730266666666664	20.04020333333333	19.773476666666667	16.645210000000002	28.30878	22.31700333333333	16.226026666666666	19.13332	14.126566666666667	13.508033333333332	22.394666666666662	27.89738	13.353596666666665	21.978323333333336	15.390589999999998	33.15543	119
71	ENSMUSG00000081967	Gm14017	2.0083607666666663	2.243742	2.7458145000000003	1.4358992666666668	2.3206846666666667	2.742172	2.728752666666667	3.425151	3.897692333333333	2.891074	2.7376546666666663	3.604924333333333	2.446455333333333	2.745924666666667	6.354238	3.0565220000000006	3.634345666666667	3.398195	1.551364666666667	4.495477666666667	5.095116333333333	2.643551	1.4400726666666668	4.015834333333333	2.821434866666667	3.710769333333333	4.4717986666666665	1.8910474666666663	2.6335493333333333	3.8753669999999993	2.4895933	1.5962953333333332	4.053486333333333	5.625003	6.560646666666666	1.4013055	120
45	ENSMUSG00000039929	Urb1	1.6430116666666663	2.2178256666666667	1.7877492666666666	0.4680038100000001	0.7674579666666667	0.5324718	7.549039666666666	4.3916650000000015	1.1696713	1.0864011333333332	1.270312	0.7242959	1.0541763666666666	1.1546786666666666	0.24515233	4.309769666666667	1.8163733333333327	0.4339143733333333	1.3398731666666668	0.791043	0.6831229666666667	0.8968374999999998	0.25499576	0.2199864333333333	3.284893333333333	2.168061	0.9881433666666668	1.1558236000000002	1.0395179333333333	0.9621919666666666	0.5456776999999999	0.5197914666666666	0.66791	1.5925186666666669	0.4373574999999999	4.927741	121
55	ENSMUSG00000024097	Srsf7	391.4198999999999	458.1067666666667	223.4962	174.9103	273.9884666666667	217.0833333333333	702.8415999999999	361.03086666666667	195.49263333333332	472.24013333333335	307.1268333333333	213.74296666666663	259.3979	189.35236666666663	188.79896666666664	751.8806333333333	384.23233333333326	243.55373333333333	343.10623333333336	190.1349	187.15376666666668	184.3769333333333	186.24136666666664	140.28316666666666	495.5979333333333	244.17506666666668	151.4153	319.69846666666666	166.95990000000003	152.81596666666667	182.9345	185.45453333333333	125.2832	199.3603	137.19613333333334	634.5931499999998	122
139	ENSMUSG00000031198	Fundc2	22.25782333333333	26.70986333333333	36.82958	13.18243333333333	13.808850333333332	21.667136666666664	8.334764999999999	25.36667666666667	35.12559666666667	35.48826666666667	44.17883333333333	38.86665	29.068750000000005	25.22495333333333	37.22806333333333	13.922724	28.073106666666664	29.94547666666667	28.456836666666664	39.54172000000001	40.881236666666666	25.54264	16.288773333333335	34.568516666666675	17.04044933333333	33.783606666666664	38.59655	38.52855	35.038626666666666	39.70469	20.94725333333333	17.393723333333334	43.45609666666667	34.12610333333333	43.35864333333333	7.465416000000001	123
129	ENSMUSG00000006673	Qrich1	19.655286666666665	14.924561000000002	9.575088	21.23793333333333	11.731080666666664	9.609566	38.90632666666667	23.183236666666662	18.691926666666664	12.13858	12.605406666666669	10.705594	10.730344333333337	12.609603333333334	8.967732333333332	20.660963333333328	17.718033333333334	9.518096	15.240003333333332	10.328527666666666	7.860625333333334	8.572983666666666	9.400227	6.729736999999999	23.054803333333336	19.283646666666677	7.837372666666668	10.825127666666669	13.955059999999998	8.096859	8.533033666666666	9.463176	7.862607666666666	21.50762333333334	13.41069	18.190015	124
5	ENSMUSG00000087213	2810408I11Rik	1.5142823000000003	7.601778333333333	4.581615666666667	0.73771665	1.817169563333333	3.390457333333333	0.0	2.3115994	4.181199666666667	1.4906153333333334	4.549161333333333	4.164528333333333	3.579181	3.8345860333333337	4.3519966666666665	2.174878333333333	1.2004697999999998	3.5712738666666666	2.1014263333333334	3.809855666666667	4.741631666666667	2.5403656666666667	1.5486928466666663	4.661626	1.4694886666666669	2.751654333333333	5.175574666666666	2.9237900000000003	3.230594333333334	3.4345436666666664	7.309335999999999	0.3545913666666667	3.5910496666666667	2.856599	4.423315333333334	3.0327768	125
74	ENSMUSG00000027750	Postn	0.5018109666666667	458.4661966666667	1253.1180000000004	0.1814406433333332	108.53604233333334	10.8480917	0.62765156	27.662126666666666	359.10353333333336	61.880880000000005	923.8328	1804.331666666667	3.903364	7.749743866666668	31.873345666666665	1.6376556366666666	99.32285333333334	2183.6846666666665	11.881710666666669	581.7564000000001	551.7671	1.0051339	0.3335314	106.65972666666669	1.5898043333333334	2.927680833333333	108.77788666666667	41.84035666666667	1166.0226666666667	1075.6295666666667	0.1221459166666666	10.816536366666668	1.0536274333333333	3.966943333333333	195.16403000000005	2.8173457	126
39	ENSMUSG00000054196	Cthrc1	0.6804526966666667	300.44086666666664	474.9406666666666	0.29402975	139.94042126666668	8.314950666666666	0.1385161499999999	3.4772685666666665	63.56672923333333	3.0376133333333333	935.5395666666668	1364.9310000000005	0.0	2.7906983333333337	85.51328000000002	0.1848229	2.1520770466666668	954.4613	2.014923	581.2184333333333	565.1646333333333	0.0	0.3859194	231.2107333333333	0.0	2.561406466666667	230.52266666666665	2.5083829333333334	948.1096666666666	926.8255	0.0	11.132604196666668	0.5455316666666666	12.858316333333336	164.55982666666668	0.3053043	127
22	ENSMUSG00000025135	Anapc11	5.667974999999998	7.267151333333333	11.870380333333337	8.169188	9.872673	11.742248000000002	5.507492666666668	6.3183560000000005	8.661447333333333	14.0724	26.163780000000006	21.037676666666663	10.270821	22.243783333333337	22.91782333333333	7.427219333333332	10.828121	21.50123	9.762048666666669	18.49122333333333	17.614363333333333	10.872147666666669	11.899056333333334	19.07028	6.961925000000001	9.481193666666668	19.265076666666666	9.730114333333333	15.10234	16.1661	9.200993666666667	8.465685	16.090883333333334	9.425931333333333	10.640673666666666	4.6832565000000015	128
3	ENSMUSG00000041763	Tpp2	18.2304420548826	11.950132314500316	12.110389549128	28.94124127053277	17.719509278862933	14.5244259223268	27.617458096440163	16.755259308968167	17.023425468563968	14.836150584802766	12.110484093193136	13.399746637030034	15.640243872994768	14.299676371045768	11.351286751132626	23.09633837899284	16.589375277053833	12.295460809749564	16.505875080895535	11.77396512864948	9.932345858774	16.0025175453023	15.689085591549434	11.423921814616266	17.648549916993368	19.388604756614168	11.8255956255001	12.635613526461198	12.7469349733321	11.02546535987931	15.401941487222102	12.587769482338237	12.3091410010179	21.54958764000933	12.849492062826966	28.855440813375697	129
35	ENSMUSG00000021917	Spcs1	110.42683333333332	183.24986666666663	308.1806	139.4695	186.34350000000003	241.63123333333337	94.09878666666668	169.58446666666666	209.8116	199.5614	291.5193333333333	311.2092333333333	163.20173333333332	255.68186666666665	291.4549	157.7491	203.58646666666667	329.11786666666666	133.57813333333334	291.1620666666667	277.6255333333333	172.0824	125.76876666666668	246.5377	111.63613333333336	110.11908666666666	223.9917	168.95586666666668	260.1433666666667	284.8530333333333	138.63663333333332	147.3991	245.4678	124.49706666666668	209.71026666666668	113.35905	130
93	ENSMUSG00000043962	Thrap3	11.020475	8.884744	4.430485666666667	10.761079	8.420671	6.944325666666668	13.73962	11.761158	9.516325666666663	11.362225333333331	6.8421400000000006	5.580620333333332	6.662965	5.615503666666666	3.194402333333333	22.170366666666663	14.017223333333336	7.103542	10.800104333333335	5.789448333333333	3.933176333333333	6.541072	4.14577	3.965218333333333	11.133521000000002	10.410650333333336	3.53711	9.797296333333334	6.901592000000001	4.944864333333333	6.780842	8.028161666666668	4.886147	12.403746666666663	8.739166333333333	20.351415000000006	131
75	ENSMUSG00000036632	Alg5	14.66891	22.68148333333333	32.11333	15.707336666666665	13.32423666666667	30.69132333333333	11.020235	20.62004	25.180643333333336	23.43823333333333	44.95254333333333	43.35488	21.44244333333333	25.44925333333333	34.733106666666664	20.127426666666672	23.58293333333333	36.22414333333335	19.31526	52.74794666666667	48.59766	26.17089	14.10611	28.623296666666665	11.833873333333337	15.957683333333335	22.853606666666664	18.146296666666668	52.20163333333333	44.89088333333334	20.136633333333336	8.425961666666668	30.71012	17.282283333333332	24.887633333333333	5.363360999999999	132
20	ENSMUSG00000097487	Ptges3l	1.0857012333333331	0.9751384333333332	1.5712558	0.0	0.3176945	0.5329094333333333	0.0	0.27487974	2.7827580000000003	0.4482157666666666	2.398508333333333	1.6739943333333336	0.5249728	0.0	1.7023768333333331	0.93904985	1.6677989333333334	2.6359033333333333	0.5709848333333333	2.924313	2.2748826666666666	0.5164884266666667	0.58008258	1.8541006666666664	1.7839619333333332	1.334723433333333	3.518736666666667	0.96614395	2.0780833333333333	2.1023723333333333	0.5864804766666666	0.0	1.1917368666666666	1.580169733333333	7.284002666666668	0.7796271	133
99	ENSMUSG00000070858	Gm1673	0.71893765	3.520573666666667	7.230642666666667	1.3659954	3.968162	2.017601	0.0	1.3247784333333332	2.954145666666667	2.511667666666667	11.044383666666668	13.852363333333336	0.884674	2.781158733333333	6.4996027666666665	1.6405355933333334	2.449783666666667	11.230375333333336	2.890534666666668	7.477310000000001	8.333423999999999	3.1007906666666667	2.1375755	9.85028	1.9164933333333327	0.7333166666666667	7.939626333333332	2.0372582	6.299233	6.6213223333333335	0.8787752500000001	3.2449058	6.225534333333332	1.0811239666666668	2.618112333333333	0.0	134
19	ENSMUSG00000004040	Stat3	89.92866666666669	55.11372333333333	25.302066666666665	42.74247333333333	50.36069666666666	35.92482666666667	56.237973333333336	30.872246666666666	26.09319666666667	41.58492666666667	22.45693	20.308733333333333	30.72767666666667	22.819730000000003	19.411443333333327	48.99670666666666	27.45332	21.67918333333333	57.11927666666667	23.95607	20.39549	33.12225333333333	42.13954666666667	18.595136666666665	69.20172666666666	15.590370000000002	16.75442	44.28842333333333	26.18212	21.087643333333336	38.57884666666667	76.52898333333333	17.12942	14.29536	13.238923333333334	81.163195	135
46	ENSMUSG00000096255	Dynlt1	1.5324353333333331	3.4212146666666663	7.606149999999999	7.154073333333333	6.162205	4.431652333333333	0.77736055	2.205849666666667	5.168449666666667	4.840543	10.478708666666668	10.081302333333332	6.544837	8.3858	11.228762666666665	0.8209938666666666	5.780671333333332	9.211348333333332	4.066486333333334	15.57014	16.10714	5.393203	5.587592333333332	13.795809999999998	1.8228711333333336	5.165188666666666	10.298279333333332	4.242881333333334	9.964935	9.48906	3.419331333333333	3.9505356666666662	10.407139333333332	6.137691	8.381797666666666	1.208041	136
15	ENSMUSG00000018572	Phf23	34.81090666666667	16.631120000000003	8.158704333333333	22.044556666666665	11.264516666666664	11.562863333333333	20.7437	12.264329333333334	10.022874333333334	16.618513333333336	9.797243333333332	10.616711	16.402763333333336	17.929679999999998	14.74206	14.004229999999998	9.669760333333333	7.196096999999999	15.988843333333335	8.015950666666667	6.881481999999999	19.91995	16.853983333333332	11.454416666666669	13.13291	11.379066333333332	12.102646666666669	17.221159999999998	7.585979333333332	5.934223333333333	20.21511333333333	23.048286666666662	11.130836333333333	10.481480333333332	6.951281333333334	15.21531	137
140	ENSMUSG00000025525	Apool	1.7873328666666666	2.8874026666666666	7.121444333333334	3.833947	3.837358000000001	8.342084666666667	3.4083596666666667	8.749269666666665	17.766763333333333	2.5076786666666666	8.979253333333332	4.443246333333334	2.0134717	8.209063333333333	7.702302	5.334970000000001	11.452130333333336	12.951667333333331	1.6234845	8.983808666666668	8.806298333333336	5.209872333333333	2.769995433333333	12.058562666666663	4.659147999999999	13.393926666666667	18.968586666666667	2.5198630000000004	12.714293333333336	8.579725666666667	4.221943333333333	4.453317466666667	18.29871	18.434093333333333	41.27683	3.720032	138
24	ENSMUSG00000010608	Rbm25	23.07702	20.86416	16.026176666666668	21.245803333333328	23.08473666666667	23.117716666666663	27.59633	26.042403333333336	19.554510000000004	21.91562333333333	15.979593333333332	15.21042	21.64488	20.125433333333334	17.46507	30.825626666666665	23.538066666666666	15.340883333333332	15.85555	13.63999	10.048235333333334	19.529356666666672	26.91857666666667	15.060620000000002	25.33428333333333	16.507386666666665	15.63655	19.667293333333333	12.242176666666666	12.074579666666668	24.55571333333333	29.936246666666666	12.725873333333334	16.119296666666667	14.03118	28.284780000000005	139
31	ENSMUSG00000021643	Serf1	1.9099453333333336	14.081445000000002	37.10239	2.1850183333333333	4.210442400000002	4.482801666666666	0.9124605166666668	13.573474	19.66118	11.229414333333333	33.73285333333333	55.19933666666666	2.157315666666667	5.062402333333334	11.121123000000004	1.0487424	21.472606666666668	39.71903	8.330271666666668	24.76094333333333	22.90565	3.2478933333333337	2.174325366666667	12.528744666666668	3.9595726	8.093147666666667	18.929366666666667	12.907783333333334	18.198496666666667	29.49113	4.874796333333333	0.41213025	3.007330333333333	10.121464333333334	19.200003333333328	1.7753310000000002	140
114	ENSMUSG00000006315	Tmem147	30.94451666666667	73.47287666666666	123.36385	73.47869666666666	66.06994999999999	92.6423	48.15043666666666	89.57641333333332	116.05223666666666	101.09555666666664	143.3321	159.1948	88.28815333333334	101.65544333333334	133.38093333333333	55.53245	116.7471	158.43416666666667	68.82526	107.90786666666668	117.9084	87.36310999999999	50.60702333333333	116.11884666666668	61.90634666666667	128.68093333333334	109.62604333333331	74.77497	111.92519	133.0644	68.89295	37.019036666666665	149.79486666666662	147.24776666666662	215.3327333333333	25.681565	141
91	ENSMUSG00000028643	Svbp	25.71275	28.07468	53.85819333333333	11.353586	26.14113333333333	40.498546666666655	24.56421666666667	72.95552666666667	147.53423333333333	43.50112333333334	62.0713	81.83117	18.261238	69.12389333333333	85.18664333333334	44.52003	117.74689	79.85429	31.57642	57.868190000000006	53.53216666666666	15.572907999999998	27.70726333333333	59.88618333333333	25.810496666666666	45.82671666666666	114.59365333333334	33.70036666666667	49.90118666666667	63.95905333333334	18.743556666666667	37.24946	49.01917	73.55297	311.6843666666667	47.74364	142
